[L-EM2] dynamic arm=applied groups=640 passes=2 accepted_steps=32 accepted_groups=67405 changed=55717 rows=128 grad_mean=3.277e-02 error=-
[L-EM2] dynamic arm=applied groups=640 passes=2 accepted_steps=32 accepted_groups=67710 changed=55638 rows=128 grad_mean=3.172e-02 error=-
[L-EM2] dynamic arm=applied groups=640 passes=2 accepted_steps=32 accepted_groups=364754 changed=315260 rows=512 grad_mean=8.338e-03 error=-
[L-EM2] dynamic arm=applied groups=640 passes=2 accepted_steps=32 accepted_groups=364228 changed=315004 rows=512 grad_mean=7.973e-03 error=-
[L-EM2] dynamic arm=applied groups=640 passes=2 accepted_steps=32 accepted_groups=84155 changed=73032 rows=128 grad_mean=8.937e-03 error=-
[L-EM2] dynamic arm=applied groups=640 passes=2 accepted_steps=32 accepted_groups=84404 changed=73382 rows=128 grad_mean=8.666e-03 error=-
[L-EM2] dynamic arm=applied groups=1024 passes=2 accepted_steps=32 accepted_groups=562556 changed=480770 rows=512 grad_mean=1.072e-03 error=-
[L-EM2] dynamic arm=applied groups=1024 passes=2 accepted_steps=32 accepted_groups=570737 changed=487163 rows=512 grad_mean=1.184e-03 error=-
[L-EM2] dynamic arm=applied groups=640 passes=2 accepted_steps=32 accepted_groups=45657 changed=36495 rows=128 grad_mean=2.517e-02 error=-
[L-EM2] dynamic arm=applied groups=640 passes=2 accepted_steps=32 accepted_groups=44793 changed=35825 rows=128 grad_mean=2.419e-02 error=-
[L-EM2] dynamic arm=applied groups=640 passes=2 accepted_steps=32 accepted_groups=179774 changed=153107 rows=512 grad_mean=1.913e-02 error=-
[L-EM2] dynamic arm=applied groups=640 passes=2 accepted_steps=32 accepted_groups=179314 changed=152042 rows=512 grad_mean=1.845e-02 error=-
[L-EM2] dynamic arm=applied groups=640 passes=2 accepted_steps=32 accepted_groups=323608 changed=273538 rows=512 grad_mean=1.542e-02 error=-
[L-EM2] dynamic arm=applied groups=640 passes=2 accepted_steps=32 accepted_groups=319775 changed=270650 rows=512 grad_mean=1.469e-02 error=-
[L-EM2] dynamic arm=applied groups=640 passes=2 accepted_steps=32 accepted_groups=80740 changed=68729 rows=128 grad_mean=1.822e-02 error=-
[L-EM2] dynamic arm=applied groups=640 passes=2 accepted_steps=32 accepted_groups=80100 changed=68326 rows=128 grad_mean=1.780e-02 error=-
[L-EM2] dynamic arm=applied groups=640 passes=2 accepted_steps=32 accepted_groups=261611 changed=214072 rows=512 grad_mean=2.987e-02 error=-
[L-EM2] dynamic arm=applied groups=640 passes=2 accepted_steps=32 accepted_groups=259224 changed=211943 rows=512 grad_mean=2.867e-02 error=-
[L-EM2] dynamic arm=applied groups=1024 passes=2 accepted_steps=32 accepted_groups=189907 changed=155297 rows=128 grad_mean=1.064e-03 error=-
[L-EM2] dynamic arm=applied groups=1024 passes=2 accepted_steps=32 accepted_groups=190600 changed=155822 rows=128 grad_mean=1.025e-03 error=-
[L-EM2] dynamic arm=applied groups=640 passes=2 accepted_steps=32 accepted_groups=204191 changed=156732 rows=512 grad_mean=2.717e-02 error=-
[L-EM2] dynamic arm=applied groups=640 passes=2 accepted_steps=32 accepted_groups=200527 changed=153706 rows=512 grad_mean=2.630e-02 error=-
[L-EM2] dynamic arm=applied groups=640 passes=2 accepted_steps=32 accepted_groups=47805 changed=37280 rows=128 grad_mean=2.435e-02 error=-
[L-EM2] dynamic arm=applied groups=640 passes=2 accepted_steps=32 accepted_groups=47596 changed=37268 rows=128 grad_mean=2.381e-02 error=-
[L-EM2] dynamic arm=applied groups=640 passes=2 accepted_steps=32 accepted_groups=77951 changed=64906 rows=128 grad_mean=2.104e-02 error=-
[L-EM2] dynamic arm=applied groups=640 passes=2 accepted_steps=32 accepted_groups=77377 changed=64810 rows=128 grad_mean=2.075e-02 error=-
[L-EM2] dynamic arm=applied groups=640 passes=2 accepted_steps=32 accepted_groups=325098 changed=272844 rows=512 grad_mean=1.990e-02 error=-
[L-EM2] dynamic arm=applied groups=640 passes=2 accepted_steps=32 accepted_groups=316258 changed=265898 rows=512 grad_mean=1.971e-02 error=-
[L-EM2] dynamic arm=applied groups=640 passes=2 accepted_steps=32 accepted_groups=64931 changed=55438 rows=128 grad_mean=3.084e-02 error=-
[L-EM2] dynamic arm=applied groups=640 passes=2 accepted_steps=32 accepted_groups=65746 changed=56051 rows=128 grad_mean=3.028e-02 error=-
[L-EM2] dynamic arm=applied groups=1024 passes=2 accepted_steps=32 accepted_groups=670089 changed=557394 rows=512 grad_mean=2.149e-03 error=-
[L-EM2] dynamic arm=applied groups=1024 passes=2 accepted_steps=32 accepted_groups=660244 changed=548905 rows=512 grad_mean=1.808e-03 error=-
[L-EM2] dynamic arm=applied groups=640 passes=2 accepted_steps=32 accepted_groups=50912 changed=39988 rows=128 grad_mean=3.290e-02 error=-
[L-EM2] dynamic arm=applied groups=640 passes=2 accepted_steps=32 accepted_groups=51206 changed=39999 rows=128 grad_mean=3.228e-02 error=-
[L-EM2] dynamic arm=applied groups=640 passes=2 accepted_steps=32 accepted_groups=204952 changed=159160 rows=512 grad_mean=2.773e-02 error=-
[L-EM2] dynamic arm=applied groups=640 passes=2 accepted_steps=32 accepted_groups=200414 changed=155101 rows=512 grad_mean=2.784e-02 error=-
[L-EM2] dynamic arm=applied groups=640 passes=2 accepted_steps=32 accepted_groups=323385 changed=267607 rows=512 grad_mean=3.859e-02 error=-
[L-EM2] dynamic arm=applied groups=640 passes=2 accepted_steps=32 accepted_groups=312404 changed=258281 rows=512 grad_mean=3.866e-02 error=-
[L-EM2] dynamic arm=applied groups=640 passes=2 accepted_steps=32 accepted_groups=75295 changed=63963 rows=128 grad_mean=4.320e-02 error=-
[L-EM2] dynamic arm=applied groups=640 passes=2 accepted_steps=32 accepted_groups=74457 changed=63410 rows=128 grad_mean=4.229e-02 error=-
[L-EM2] dynamic arm=applied groups=640 passes=2 accepted_steps=32 accepted_groups=259635 changed=220436 rows=512 grad_mean=4.761e-02 error=-
[L-EM2] dynamic arm=applied groups=640 passes=2 accepted_steps=32 accepted_groups=254085 changed=215767 rows=512 grad_mean=4.713e-02 error=-
[L-EM2] dynamic arm=applied groups=1024 passes=2 accepted_steps=32 accepted_groups=179876 changed=149820 rows=128 grad_mean=2.181e-03 error=-
[L-EM2] dynamic arm=applied groups=1024 passes=2 accepted_steps=32 accepted_groups=180350 changed=149963 rows=128 grad_mean=2.083e-03 error=-
[L-EM2] dynamic arm=applied groups=640 passes=2 accepted_steps=32 accepted_groups=192055 changed=151783 rows=512 grad_mean=6.860e-02 error=-
[L-EM2] dynamic arm=applied groups=640 passes=2 accepted_steps=32 accepted_groups=190678 changed=149393 rows=512 grad_mean=6.794e-02 error=-
[L-EM2] dynamic arm=applied groups=640 passes=2 accepted_steps=32 accepted_groups=47279 changed=40183 rows=128 grad_mean=3.707e-02 error=-
[L-EM2] dynamic arm=applied groups=640 passes=2 accepted_steps=32 accepted_groups=47289 changed=40312 rows=128 grad_mean=3.635e-02 error=-
[L-EM2] dynamic arm=applied groups=640 passes=2 accepted_steps=32 accepted_groups=67405 changed=55717 rows=128 grad_mean=3.277e-02 error=-
[L-EM2] dynamic arm=applied groups=640 passes=2 accepted_steps=32 accepted_groups=67710 changed=55638 rows=128 grad_mean=3.172e-02 error=-
[L-EM2] dynamic arm=applied groups=640 passes=2 accepted_steps=32 accepted_groups=364754 changed=315260 rows=512 grad_mean=8.338e-03 error=-
[L-EM2] dynamic arm=applied groups=640 passes=2 accepted_steps=32 accepted_groups=364228 changed=315004 rows=512 grad_mean=7.973e-03 error=-
[L-EM2] dynamic arm=applied groups=640 passes=2 accepted_steps=32 accepted_groups=84155 changed=73032 rows=128 grad_mean=8.937e-03 error=-
[L-EM2] dynamic arm=applied groups=640 passes=2 accepted_steps=32 accepted_groups=84404 changed=73382 rows=128 grad_mean=8.666e-03 error=-
[L-EM2] dynamic arm=applied groups=1024 passes=2 accepted_steps=32 accepted_groups=562556 changed=480770 rows=512 grad_mean=1.072e-03 error=-
[L-EM2] dynamic arm=applied groups=1024 passes=2 accepted_steps=32 accepted_groups=570737 changed=487163 rows=512 grad_mean=1.184e-03 error=-
[L-EM2] dynamic arm=applied groups=640 passes=2 accepted_steps=32 accepted_groups=45657 changed=36495 rows=128 grad_mean=2.517e-02 error=-
[L-EM2] dynamic arm=applied groups=640 passes=2 accepted_steps=32 accepted_groups=44793 changed=35825 rows=128 grad_mean=2.419e-02 error=-
[L-EM2] dynamic arm=applied groups=640 passes=2 accepted_steps=32 accepted_groups=179774 changed=153107 rows=512 grad_mean=1.913e-02 error=-
[L-EM2] dynamic arm=applied groups=640 passes=2 accepted_steps=32 accepted_groups=179314 changed=152042 rows=512 grad_mean=1.845e-02 error=-
[L-EM2] dynamic arm=applied groups=640 passes=2 accepted_steps=32 accepted_groups=323608 changed=273538 rows=512 grad_mean=1.542e-02 error=-
[L-EM2] dynamic arm=applied groups=640 passes=2 accepted_steps=32 accepted_groups=319775 changed=270650 rows=512 grad_mean=1.469e-02 error=-
[L-EM2] dynamic arm=applied groups=640 passes=2 accepted_steps=32 accepted_groups=80740 changed=68729 rows=128 grad_mean=1.822e-02 error=-
[L-EM2] dynamic arm=applied groups=640 passes=2 accepted_steps=32 accepted_groups=80100 changed=68326 rows=128 grad_mean=1.780e-02 error=-
[L-EM2] dynamic arm=applied groups=640 passes=2 accepted_steps=32 accepted_groups=261611 changed=214072 rows=512 grad_mean=2.987e-02 error=-
[L-EM2] dynamic arm=applied groups=640 passes=2 accepted_steps=32 accepted_groups=259224 changed=211943 rows=512 grad_mean=2.867e-02 error=-
[L-EM2] dynamic arm=applied groups=1024 passes=2 accepted_steps=32 accepted_groups=189907 changed=155297 rows=128 grad_mean=1.064e-03 error=-
[L-EM2] dynamic arm=applied groups=1024 passes=2 accepted_steps=32 accepted_groups=190600 changed=155822 rows=128 grad_mean=1.025e-03 error=-
[L-EM2] dynamic arm=applied groups=640 passes=2 accepted_steps=32 accepted_groups=204191 changed=156732 rows=512 grad_mean=2.717e-02 error=-
[L-EM2] dynamic arm=applied groups=640 passes=2 accepted_steps=32 accepted_groups=200527 changed=153706 rows=512 grad_mean=2.630e-02 error=-
[L-EM2] dynamic arm=applied groups=640 passes=2 accepted_steps=32 accepted_groups=47805 changed=37280 rows=128 grad_mean=2.435e-02 error=-
[L-EM2] dynamic arm=applied groups=640 passes=2 accepted_steps=32 accepted_groups=47596 changed=37268 rows=128 grad_mean=2.381e-02 error=-
[L-EM2] dynamic arm=applied groups=640 passes=2 accepted_steps=32 accepted_groups=77951 changed=64906 rows=128 grad_mean=2.104e-02 error=-
[L-EM2] dynamic arm=applied groups=640 passes=2 accepted_steps=32 accepted_groups=77377 changed=64810 rows=128 grad_mean=2.075e-02 error=-
[L-EM2] dynamic arm=applied groups=640 passes=2 accepted_steps=32 accepted_groups=325098 changed=272844 rows=512 grad_mean=1.990e-02 error=-
[L-EM2] dynamic arm=applied groups=640 passes=2 accepted_steps=32 accepted_groups=316258 changed=265898 rows=512 grad_mean=1.971e-02 error=-
[L-EM2] dynamic arm=applied groups=640 passes=2 accepted_steps=32 accepted_groups=64931 changed=55438 rows=128 grad_mean=3.084e-02 error=-
[L-EM2] dynamic arm=applied groups=640 passes=2 accepted_steps=32 accepted_groups=65746 changed=56051 rows=128 grad_mean=3.028e-02 error=-
[L-EM2] dynamic arm=applied groups=1024 passes=2 accepted_steps=32 accepted_groups=670089 changed=557394 rows=512 grad_mean=2.149e-03 error=-
[L-EM2] dynamic arm=applied groups=1024 passes=2 accepted_steps=32 accepted_groups=660244 changed=548905 rows=512 grad_mean=1.808e-03 error=-
[L-EM2] dynamic arm=applied groups=640 passes=2 accepted_steps=32 accepted_groups=50912 changed=39988 rows=128 grad_mean=3.290e-02 error=-
[L-EM2] dynamic arm=applied groups=640 passes=2 accepted_steps=32 accepted_groups=51206 changed=39999 rows=128 grad_mean=3.228e-02 error=-
[L-EM2] dynamic arm=applied groups=640 passes=2 accepted_steps=32 accepted_groups=204952 changed=159160 rows=512 grad_mean=2.773e-02 error=-
[L-EM2] dynamic arm=applied groups=640 passes=2 accepted_steps=32 accepted_groups=200414 changed=155101 rows=512 grad_mean=2.784e-02 error=-
[L-EM2] dynamic arm=applied groups=640 passes=2 accepted_steps=32 accepted_groups=323385 changed=267607 rows=512 grad_mean=3.859e-02 error=-
[L-EM2] dynamic arm=applied groups=640 passes=2 accepted_steps=32 accepted_groups=312404 changed=258281 rows=512 grad_mean=3.866e-02 error=-
[L-EM2] dynamic arm=applied groups=640 passes=2 accepted_steps=32 accepted_groups=75295 changed=63963 rows=128 grad_mean=4.320e-02 error=-
[L-EM2] dynamic arm=applied groups=640 passes=2 accepted_steps=32 accepted_groups=74457 changed=63410 rows=128 grad_mean=4.229e-02 error=-
[L-EM2] dynamic arm=applied groups=640 passes=2 accepted_steps=32 accepted_groups=259635 changed=220436 rows=512 grad_mean=4.761e-02 error=-
[L-EM2] dynamic arm=applied groups=640 passes=2 accepted_steps=32 accepted_groups=254085 changed=215767 rows=512 grad_mean=4.713e-02 error=-
[L-EM2] dynamic arm=applied groups=1024 passes=2 accepted_steps=32 accepted_groups=179876 changed=149820 rows=128 grad_mean=2.181e-03 error=-
[L-EM2] dynamic arm=applied groups=1024 passes=2 accepted_steps=32 accepted_groups=180350 changed=149963 rows=128 grad_mean=2.083e-03 error=-
[L-EM2] dynamic arm=applied groups=640 passes=2 accepted_steps=32 accepted_groups=192055 changed=151783 rows=512 grad_mean=6.860e-02 error=-
[L-EM2] dynamic arm=applied groups=640 passes=2 accepted_steps=32 accepted_groups=190678 changed=149393 rows=512 grad_mean=6.794e-02 error=-
[L-EM2] dynamic arm=applied groups=640 passes=2 accepted_steps=32 accepted_groups=47279 changed=40183 rows=128 grad_mean=3.707e-02 error=-
[L-EM2] dynamic arm=applied groups=640 passes=2 accepted_steps=32 accepted_groups=47289 changed=40312 rows=128 grad_mean=3.635e-02 error=-
[L-EM2] dynamic arm=applied groups=640 passes=2 accepted_steps=32 accepted_groups=281774 changed=228307 rows=512 grad_mean=2.771e-02 error=-
[L-EM2] dynamic arm=applied groups=640 passes=2 accepted_steps=32 accepted_groups=278001 changed=224927 rows=512 grad_mean=2.685e-02 error=-
[L-EM2] dynamic arm=applied groups=640 passes=2 accepted_steps=32 accepted_groups=96404 changed=82721 rows=128 grad_mean=7.501e-03 error=-
[L-EM2] dynamic arm=applied groups=640 passes=2 accepted_steps=32 accepted_groups=96400 changed=82811 rows=128 grad_mean=7.368e-03 error=-
[L-EM2] dynamic arm=applied groups=640 passes=2 accepted_steps=32 accepted_groups=352046 changed=303824 rows=512 grad_mean=7.041e-03 error=-
[L-EM2] dynamic arm=applied groups=640 passes=2 accepted_steps=32 accepted_groups=346056 changed=298875 rows=512 grad_mean=6.870e-03 error=-
[L-EM2] dynamic arm=applied groups=1024 passes=2 accepted_steps=32 accepted_groups=140719 changed=114725 rows=128 grad_mean=2.837e-03 error=-
[L-EM2] dynamic arm=applied groups=1024 passes=2 accepted_steps=32 accepted_groups=143711 changed=116577 rows=128 grad_mean=3.048e-03 error=-
[L-EM2] dynamic arm=applied groups=640 passes=2 accepted_steps=32 accepted_groups=189428 changed=149377 rows=512 grad_mean=4.033e-02 error=-
[L-EM2] dynamic arm=applied groups=640 passes=2 accepted_steps=32 accepted_groups=186168 changed=146407 rows=512 grad_mean=4.019e-02 error=-
[L-EM2] dynamic arm=applied groups=640 passes=2 accepted_steps=32 accepted_groups=45368 changed=38632 rows=128 grad_mean=2.746e-02 error=-
[L-EM2] dynamic arm=applied groups=640 passes=2 accepted_steps=32 accepted_groups=45342 changed=38697 rows=128 grad_mean=2.723e-02 error=-
[L-EM2] dynamic arm=applied groups=640 passes=2 accepted_steps=32 accepted_groups=82714 changed=70524 rows=128 grad_mean=1.900e-02 error=-
[L-EM2] dynamic arm=applied groups=640 passes=2 accepted_steps=32 accepted_groups=82365 changed=70177 rows=128 grad_mean=1.881e-02 error=-
[L-EM2] dynamic arm=applied groups=640 passes=2 accepted_steps=32 accepted_groups=327402 changed=279828 rows=512 grad_mean=1.602e-02 error=-
[L-EM2] dynamic arm=applied groups=640 passes=2 accepted_steps=32 accepted_groups=327517 changed=280182 rows=512 grad_mean=1.542e-02 error=-
[L-EM2] dynamic arm=applied groups=640 passes=2 accepted_steps=32 accepted_groups=63819 changed=54475 rows=128 grad_mean=3.163e-02 error=-
[L-EM2] dynamic arm=applied groups=640 passes=2 accepted_steps=32 accepted_groups=63276 changed=53953 rows=128 grad_mean=3.138e-02 error=-
[L-EM2] dynamic arm=applied groups=1024 passes=2 accepted_steps=32 accepted_groups=762005 changed=625976 rows=512 grad_mean=1.170e-03 error=-
[L-EM2] dynamic arm=applied groups=1024 passes=2 accepted_steps=32 accepted_groups=754223 changed=620010 rows=512 grad_mean=1.054e-03 error=-
[L-EM2] dynamic arm=applied groups=640 passes=2 accepted_steps=32 accepted_groups=45229 changed=34070 rows=128 grad_mean=3.604e-02 error=-
[L-EM2] dynamic arm=applied groups=640 passes=2 accepted_steps=32 accepted_groups=44962 changed=34153 rows=128 grad_mean=3.491e-02 error=-
[L-EM2] dynamic arm=applied groups=640 passes=2 accepted_steps=32 accepted_groups=174600 changed=148276 rows=512 grad_mean=2.452e-02 error=-
[L-EM2] dynamic arm=applied groups=640 passes=2 accepted_steps=32 accepted_groups=173240 changed=147302 rows=512 grad_mean=2.342e-02 error=-
[L-EM2] dynamic arm=applied groups=640 passes=2 accepted_steps=32 accepted_groups=335313 changed=284149 rows=512 grad_mean=1.966e-02 error=-
[L-EM2] dynamic arm=applied groups=640 passes=2 accepted_steps=32 accepted_groups=328281 changed=277786 rows=512 grad_mean=1.932e-02 error=-
[L-EM2] dynamic arm=applied groups=640 passes=2 accepted_steps=32 accepted_groups=87191 changed=73863 rows=128 grad_mean=1.983e-02 error=-
[L-EM2] dynamic arm=applied groups=640 passes=2 accepted_steps=32 accepted_groups=89253 changed=75486 rows=128 grad_mean=1.911e-02 error=-
[L-EM2] dynamic arm=applied groups=640 passes=2 accepted_steps=32 accepted_groups=267583 changed=222094 rows=512 grad_mean=2.909e-02 error=-
[L-EM2] dynamic arm=applied groups=640 passes=2 accepted_steps=32 accepted_groups=263057 changed=218310 rows=512 grad_mean=2.863e-02 error=-
[L-EM2] dynamic arm=applied groups=1024 passes=2 accepted_steps=32 accepted_groups=170726 changed=141319 rows=128 grad_mean=1.441e-03 error=-
[L-EM2] dynamic arm=applied groups=1024 passes=2 accepted_steps=32 accepted_groups=170732 changed=141483 rows=128 grad_mean=1.328e-03 error=-
[L-EM2] dynamic arm=applied groups=640 passes=2 accepted_steps=32 accepted_groups=220544 changed=175278 rows=512 grad_mean=3.198e-02 error=-
[L-EM2] dynamic arm=applied groups=640 passes=2 accepted_steps=32 accepted_groups=215183 changed=170295 rows=512 grad_mean=3.179e-02 error=-
[L-EM2] dynamic arm=applied groups=640 passes=2 accepted_steps=32 accepted_groups=47553 changed=39990 rows=128 grad_mean=2.846e-02 error=-
[L-EM2] dynamic arm=applied groups=640 passes=2 accepted_steps=32 accepted_groups=47519 changed=40073 rows=128 grad_mean=2.729e-02 error=-
[L-EM2] dynamic arm=applied groups=640 passes=2 accepted_steps=32 accepted_groups=77495 changed=63912 rows=128 grad_mean=3.621e-02 error=-
[L-EM2] dynamic arm=applied groups=640 passes=2 accepted_steps=32 accepted_groups=77992 changed=64184 rows=128 grad_mean=3.596e-02 error=-
[L-EM2] dynamic arm=applied groups=640 passes=2 accepted_steps=32 accepted_groups=312681 changed=258130 rows=512 grad_mean=3.645e-02 error=-
[L-EM2] dynamic arm=applied groups=640 passes=2 accepted_steps=32 accepted_groups=298305 changed=246629 rows=512 grad_mean=3.579e-02 error=-
[L-EM2] dynamic arm=applied groups=640 passes=2 accepted_steps=32 accepted_groups=69182 changed=58171 rows=128 grad_mean=4.988e-02 error=-
[L-EM2] dynamic arm=applied groups=640 passes=2 accepted_steps=32 accepted_groups=69302 changed=58563 rows=128 grad_mean=4.949e-02 error=-
[L-EM2] dynamic arm=applied groups=1024 passes=2 accepted_steps=32 accepted_groups=684813 changed=571258 rows=512 grad_mean=3.042e-03 error=-
[L-EM2] dynamic arm=applied groups=1024 passes=2 accepted_steps=32 accepted_groups=670091 changed=560636 rows=512 grad_mean=2.694e-03 error=-
[L-EM2] dynamic arm=applied groups=640 passes=2 accepted_steps=32 accepted_groups=41556 changed=32072 rows=128 grad_mean=9.191e-02 error=-
[L-EM2] dynamic arm=applied groups=640 passes=2 accepted_steps=32 accepted_groups=38979 changed=29907 rows=128 grad_mean=9.006e-02 error=-
[L-EM2] dynamic arm=applied groups=640 passes=2 accepted_steps=32 accepted_groups=189700 changed=160148 rows=512 grad_mean=4.004e-02 error=-
[L-EM2] dynamic arm=applied groups=640 passes=2 accepted_steps=32 accepted_groups=185090 changed=156714 rows=512 grad_mean=3.947e-02 error=-
[L-R2] rank2 reachable=1 vtu_cross_max=5.588e-09
[COMBINED-LINEAR-SAMPLE-ENERGY] reachable=1 blocks=40
[L-EM2] compile arm=compiled in=2560 gram_diag_mean=6.626585e-01 h_norm=1.0747e+02
[L-R2] rank2 reachable=1 vtu_cross_max=9.313e-10
[COMBINED-LINEAR-SAMPLE-ENERGY] reachable=1 blocks=40
[L-EM2] compile arm=compiled in=2560 gram_diag_mean=1.702063e-01 h_norm=3.1990e+01
[L-R2] rank2 reachable=1 vtu_cross_max=9.779e-09
[COMBINED-LINEAR-SAMPLE-ENERGY] reachable=1 blocks=40
[L-EM2] compile arm=compiled in=2560 gram_diag_mean=1.637652e-01 h_norm=2.4858e+01
[L-R2] rank2 reachable=1 vtu_cross_max=8.033e-09
[COMBINED-LINEAR-SAMPLE-ENERGY] reachable=1 blocks=64
[L-EM2] compile arm=compiled in=4096 gram_diag_mean=5.088800e-01 h_norm=1.0572e+02
[L-R2] rank2 reachable=1 vtu_cross_max=6.519e-09
[COMBINED-LINEAR-SAMPLE-ENERGY] reachable=1 blocks=40
[L-EM2] compile arm=compiled in=2560 gram_diag_mean=1.027571e+00 h_norm=1.5703e+02
[L-R2] rank2 reachable=1 vtu_cross_max=4.657e-09
[COMBINED-LINEAR-SAMPLE-ENERGY] reachable=1 blocks=40
[L-EM2] compile arm=compiled in=2560 gram_diag_mean=6.348262e-01 h_norm=5.3738e+01
[L-R2] rank2 reachable=1 vtu_cross_max=3.027e-09
[COMBINED-LINEAR-SAMPLE-ENERGY] reachable=1 blocks=144
[L-EM2] compile arm=out-of-scope in=9216 gram_diag_mean=0.000000e+00 h_norm=0.0000e+00
[L-R2] rank2 reachable=1 vtu_cross_max=2.794e-09
[COMBINED-LINEAR-SAMPLE-ENERGY] reachable=1 blocks=40
[L-EM2] compile arm=compiled in=2560 gram_diag_mean=4.281827e-01 h_norm=6.6711e+01
[L-R2] rank2 reachable=1 vtu_cross_max=4.424e-09
[COMBINED-LINEAR-SAMPLE-ENERGY] reachable=1 blocks=40
[L-EM2] compile arm=compiled in=2560 gram_diag_mean=3.882199e-01 h_norm=5.9432e+01
[L-R2] rank2 reachable=1 vtu_cross_max=3.725e-09
[COMBINED-LINEAR-SAMPLE-ENERGY] reachable=1 blocks=40
[L-EM2] compile arm=compiled in=2560 gram_diag_mean=7.263753e-01 h_norm=2.2027e+01
[L-R2] rank2 reachable=1 vtu_cross_max=5.588e-09
[COMBINED-LINEAR-SAMPLE-ENERGY] reachable=1 blocks=64
[L-EM2] compile arm=compiled in=4096 gram_diag_mean=4.746353e-01 h_norm=8.5694e+01
[L-R2] rank2 reachable=1 vtu_cross_max=3.492e-09
[COMBINED-LINEAR-SAMPLE-ENERGY] reachable=1 blocks=40
[L-EM2] compile arm=compiled in=2560 gram_diag_mean=8.939406e-01 h_norm=1.2006e+02
[L-R2] rank2 reachable=1 vtu_cross_max=5.588e-09
[COMBINED-LINEAR-SAMPLE-ENERGY] reachable=1 blocks=40
[L-EM2] compile arm=compiled in=2560 gram_diag_mean=6.488587e-01 h_norm=8.5976e+00
[L-R2] rank2 reachable=1 vtu_cross_max=4.657e-09
[COMBINED-LINEAR-SAMPLE-ENERGY] reachable=1 blocks=144
[L-EM2] compile arm=out-of-scope in=9216 gram_diag_mean=0.000000e+00 h_norm=0.0000e+00
[L-R2] rank2 reachable=1 vtu_cross_max=2.328e-09
[COMBINED-LINEAR-SAMPLE-ENERGY] reachable=1 blocks=40
[L-EM2] compile arm=compiled in=2560 gram_diag_mean=4.558631e-01 h_norm=8.4345e+01
[L-R2] rank2 reachable=1 vtu_cross_max=8.382e-09
[COMBINED-LINEAR-SAMPLE-ENERGY] reachable=1 blocks=40
[L-EM2] compile arm=compiled in=2560 gram_diag_mean=4.479988e-01 h_norm=9.7371e+01
[L-R2] rank2 reachable=1 vtu_cross_max=6.054e-09
[COMBINED-LINEAR-SAMPLE-ENERGY] reachable=1 blocks=40
[L-EM2] compile arm=compiled in=2560 gram_diag_mean=6.911080e-01 h_norm=9.1293e+01
[L-R2] rank2 reachable=1 vtu_cross_max=3.492e-09
[COMBINED-LINEAR-SAMPLE-ENERGY] reachable=1 blocks=64
[L-EM2] compile arm=compiled in=4096 gram_diag_mean=4.099765e-01 h_norm=8.4165e+01
[L-R2] rank2 reachable=1 vtu_cross_max=2.561e-09
[COMBINED-LINEAR-SAMPLE-ENERGY] reachable=1 blocks=40
[L-EM2] compile arm=compiled in=2560 gram_diag_mean=8.293039e-01 h_norm=1.2340e+02
[L-R2] rank2 reachable=1 vtu_cross_max=2.794e-09
[COMBINED-LINEAR-SAMPLE-ENERGY] reachable=1 blocks=40
[L-EM2] compile arm=compiled in=2560 gram_diag_mean=7.323298e-01 h_norm=1.8501e+01
[L-R2] rank2 reachable=1 vtu_cross_max=7.683e-09
[COMBINED-LINEAR-SAMPLE-ENERGY] reachable=1 blocks=144
[L-EM2] compile arm=out-of-scope in=9216 gram_diag_mean=0.000000e+00 h_norm=0.0000e+00
[L-R2] rank2 reachable=1 vtu_cross_max=4.657e-09
[COMBINED-LINEAR-SAMPLE-ENERGY] reachable=1 blocks=40
[L-EM2] compile arm=compiled in=2560 gram_diag_mean=5.403739e-01 h_norm=9.6047e+01
[L-R2] rank2 reachable=1 vtu_cross_max=3.725e-09
[COMBINED-LINEAR-SAMPLE-ENERGY] reachable=1 blocks=40
[L-EM2] compile arm=compiled in=2560 gram_diag_mean=5.417235e-01 h_norm=1.0450e+02
[L-R2] rank2 reachable=1 vtu_cross_max=4.657e-09
[COMBINED-LINEAR-SAMPLE-ENERGY] reachable=1 blocks=40
[L-EM2] compile arm=compiled in=2560 gram_diag_mean=8.908318e-01 h_norm=1.1789e+02
[L-R2] rank2 reachable=1 vtu_cross_max=5.588e-09
[COMBINED-LINEAR-SAMPLE-ENERGY] reachable=1 blocks=64
[L-EM2] compile arm=compiled in=4096 gram_diag_mean=6.768022e-01 h_norm=1.1787e+02
[L-R2] rank2 reachable=1 vtu_cross_max=5.239e-09
[COMBINED-LINEAR-SAMPLE-ENERGY] reachable=1 blocks=40
[L-EM2] compile arm=compiled in=2560 gram_diag_mean=1.525857e+00 h_norm=2.9227e+02
[L-R2] rank2 reachable=1 vtu_cross_max=9.313e-09
[COMBINED-LINEAR-SAMPLE-ENERGY] reachable=1 blocks=40
[L-EM2] compile arm=compiled in=2560 gram_diag_mean=7.471302e-01 h_norm=6.6152e+01
[L-R2] rank2 reachable=1 vtu_cross_max=6.869e-09
[COMBINED-LINEAR-SAMPLE-ENERGY] reachable=1 blocks=144
[L-EM2] compile arm=out-of-scope in=9216 gram_diag_mean=0.000000e+00 h_norm=0.0000e+00
[L-EM2] dynamic arm=applied groups=640 passes=2 accepted_steps=32 accepted_groups=281774 changed=228307 rows=512 grad_mean=2.771e-02 error=-
[L-EM2] dynamic arm=applied groups=640 passes=2 accepted_steps=32 accepted_groups=278001 changed=224927 rows=512 grad_mean=2.685e-02 error=-
[L-EM2] dynamic arm=applied groups=640 passes=2 accepted_steps=32 accepted_groups=96404 changed=82721 rows=128 grad_mean=7.501e-03 error=-
[L-EM2] dynamic arm=applied groups=640 passes=2 accepted_steps=32 accepted_groups=96400 changed=82811 rows=128 grad_mean=7.368e-03 error=-
[L-EM2] dynamic arm=applied groups=640 passes=2 accepted_steps=32 accepted_groups=352046 changed=303824 rows=512 grad_mean=7.041e-03 error=-
[L-EM2] dynamic arm=applied groups=640 passes=2 accepted_steps=32 accepted_groups=346056 changed=298875 rows=512 grad_mean=6.870e-03 error=-
[L-EM2] dynamic arm=applied groups=1024 passes=2 accepted_steps=32 accepted_groups=140719 changed=114725 rows=128 grad_mean=2.837e-03 error=-
[L-EM2] dynamic arm=applied groups=1024 passes=2 accepted_steps=32 accepted_groups=143711 changed=116577 rows=128 grad_mean=3.048e-03 error=-
[L-EM2] dynamic arm=applied groups=640 passes=2 accepted_steps=32 accepted_groups=189428 changed=149377 rows=512 grad_mean=4.033e-02 error=-
[L-EM2] dynamic arm=applied groups=640 passes=2 accepted_steps=32 accepted_groups=186168 changed=146407 rows=512 grad_mean=4.019e-02 error=-
[L-EM2] dynamic arm=applied groups=640 passes=2 accepted_steps=32 accepted_groups=45368 changed=38632 rows=128 grad_mean=2.746e-02 error=-
[L-EM2] dynamic arm=applied groups=640 passes=2 accepted_steps=32 accepted_groups=45342 changed=38697 rows=128 grad_mean=2.723e-02 error=-
[L-EM2] dynamic arm=applied groups=640 passes=2 accepted_steps=32 accepted_groups=82714 changed=70524 rows=128 grad_mean=1.900e-02 error=-
[L-EM2] dynamic arm=applied groups=640 passes=2 accepted_steps=32 accepted_groups=82365 changed=70177 rows=128 grad_mean=1.881e-02 error=-
[L-EM2] dynamic arm=applied groups=640 passes=2 accepted_steps=32 accepted_groups=327402 changed=279828 rows=512 grad_mean=1.602e-02 error=-
[L-EM2] dynamic arm=applied groups=640 passes=2 accepted_steps=32 accepted_groups=327517 changed=280182 rows=512 grad_mean=1.542e-02 error=-
[L-EM2] dynamic arm=applied groups=640 passes=2 accepted_steps=32 accepted_groups=63819 changed=54475 rows=128 grad_mean=3.163e-02 error=-
[L-EM2] dynamic arm=applied groups=640 passes=2 accepted_steps=32 accepted_groups=63276 changed=53953 rows=128 grad_mean=3.138e-02 error=-
[L-EM2] dynamic arm=applied groups=1024 passes=2 accepted_steps=32 accepted_groups=762005 changed=625976 rows=512 grad_mean=1.170e-03 error=-
[L-EM2] dynamic arm=applied groups=1024 passes=2 accepted_steps=32 accepted_groups=754223 changed=620010 rows=512 grad_mean=1.054e-03 error=-
[L-EM2] dynamic arm=applied groups=640 passes=2 accepted_steps=32 accepted_groups=45229 changed=34070 rows=128 grad_mean=3.604e-02 error=-
[L-EM2] dynamic arm=applied groups=640 passes=2 accepted_steps=32 accepted_groups=44962 changed=34153 rows=128 grad_mean=3.491e-02 error=-
[L-EM2] dynamic arm=applied groups=640 passes=2 accepted_steps=32 accepted_groups=174600 changed=148276 rows=512 grad_mean=2.452e-02 error=-
[L-EM2] dynamic arm=applied groups=640 passes=2 accepted_steps=32 accepted_groups=173240 changed=147302 rows=512 grad_mean=2.342e-02 error=-
[L-EM2] dynamic arm=applied groups=640 passes=2 accepted_steps=32 accepted_groups=335313 changed=284149 rows=512 grad_mean=1.966e-02 error=-
[L-EM2] dynamic arm=applied groups=640 passes=2 accepted_steps=32 accepted_groups=328281 changed=277786 rows=512 grad_mean=1.932e-02 error=-
[L-EM2] dynamic arm=applied groups=640 passes=2 accepted_steps=32 accepted_groups=87191 changed=73863 rows=128 grad_mean=1.983e-02 error=-
[L-EM2] dynamic arm=applied groups=640 passes=2 accepted_steps=32 accepted_groups=89253 changed=75486 rows=128 grad_mean=1.911e-02 error=-
[L-EM2] dynamic arm=applied groups=640 passes=2 accepted_steps=32 accepted_groups=267583 changed=222094 rows=512 grad_mean=2.909e-02 error=-
[L-EM2] dynamic arm=applied groups=640 passes=2 accepted_steps=32 accepted_groups=263057 changed=218310 rows=512 grad_mean=2.863e-02 error=-
[L-EM2] dynamic arm=applied groups=1024 passes=2 accepted_steps=32 accepted_groups=170726 changed=141319 rows=128 grad_mean=1.441e-03 error=-
[L-EM2] dynamic arm=applied groups=1024 passes=2 accepted_steps=32 accepted_groups=170732 changed=141483 rows=128 grad_mean=1.328e-03 error=-
[L-EM2] dynamic arm=applied groups=640 passes=2 accepted_steps=32 accepted_groups=220544 changed=175278 rows=512 grad_mean=3.198e-02 error=-
[L-EM2] dynamic arm=applied groups=640 passes=2 accepted_steps=32 accepted_groups=215183 changed=170295 rows=512 grad_mean=3.179e-02 error=-
[L-EM2] dynamic arm=applied groups=640 passes=2 accepted_steps=32 accepted_groups=47553 changed=39990 rows=128 grad_mean=2.846e-02 error=-
[L-EM2] dynamic arm=applied groups=640 passes=2 accepted_steps=32 accepted_groups=47519 changed=40073 rows=128 grad_mean=2.729e-02 error=-
[L-EM2] dynamic arm=applied groups=640 passes=2 accepted_steps=32 accepted_groups=77495 changed=63912 rows=128 grad_mean=3.621e-02 error=-
[L-EM2] dynamic arm=applied groups=640 passes=2 accepted_steps=32 accepted_groups=77992 changed=64184 rows=128 grad_mean=3.596e-02 error=-
[L-EM2] dynamic arm=applied groups=640 passes=2 accepted_steps=32 accepted_groups=312681 changed=258130 rows=512 grad_mean=3.645e-02 error=-
[L-EM2] dynamic arm=applied groups=640 passes=2 accepted_steps=32 accepted_groups=298305 changed=246629 rows=512 grad_mean=3.579e-02 error=-
[L-EM2] dynamic arm=applied groups=640 passes=2 accepted_steps=32 accepted_groups=69182 changed=58171 rows=128 grad_mean=4.988e-02 error=-
[L-EM2] dynamic arm=applied groups=640 passes=2 accepted_steps=32 accepted_groups=69302 changed=58563 rows=128 grad_mean=4.949e-02 error=-
[L-EM2] dynamic arm=applied groups=1024 passes=2 accepted_steps=32 accepted_groups=684813 changed=571258 rows=512 grad_mean=3.042e-03 error=-
[L-EM2] dynamic arm=applied groups=1024 passes=2 accepted_steps=32 accepted_groups=670091 changed=560636 rows=512 grad_mean=2.694e-03 error=-
[L-EM2] dynamic arm=applied groups=640 passes=2 accepted_steps=32 accepted_groups=41556 changed=32072 rows=128 grad_mean=9.191e-02 error=-
[L-EM2] dynamic arm=applied groups=640 passes=2 accepted_steps=32 accepted_groups=38979 changed=29907 rows=128 grad_mean=9.006e-02 error=-
[L-EM2] dynamic arm=applied groups=640 passes=2 accepted_steps=32 accepted_groups=189700 changed=160148 rows=512 grad_mean=4.004e-02 error=-
[L-EM2] dynamic arm=applied groups=640 passes=2 accepted_steps=32 accepted_groups=185090 changed=156714 rows=512 grad_mean=3.947e-02 error=-
[L-EM2] dynamic arm=applied groups=640 passes=2 accepted_steps=32 accepted_groups=5320 changed=5265 rows=128 grad_mean=7.987e-02 error=-
[L-EM2] dynamic arm=applied groups=640 passes=2 accepted_steps=32 accepted_groups=5766 changed=5682 rows=128 grad_mean=7.780e-02 error=-
[L-EM2] dynamic arm=applied groups=640 passes=2 accepted_steps=32 accepted_groups=82261 changed=76914 rows=512 grad_mean=6.291e-02 error=-
[L-EM2] dynamic arm=applied groups=640 passes=2 accepted_steps=32 accepted_groups=87713 changed=81574 rows=512 grad_mean=6.030e-02 error=-
[L-EM2] dynamic arm=applied groups=640 passes=2 accepted_steps=32 accepted_groups=593 changed=593 rows=128 grad_mean=1.936e-01 error=-
[L-EM2] dynamic arm=applied groups=640 passes=2 accepted_steps=32 accepted_groups=738 changed=738 rows=128 grad_mean=1.852e-01 error=-
[L-EM2] dynamic arm=applied groups=1024 passes=2 accepted_steps=32 accepted_groups=636445 changed=524515 rows=512 grad_mean=4.368e-04 error=-
[L-EM2] dynamic arm=applied groups=1024 passes=2 accepted_steps=32 accepted_groups=640982 changed=528479 rows=512 grad_mean=4.408e-04 error=-
[L-EM2] dynamic arm=applied groups=640 passes=2 accepted_steps=32 accepted_groups=45426 changed=34853 rows=128 grad_mean=1.384e-02 error=-
[L-EM2] dynamic arm=applied groups=640 passes=2 accepted_steps=32 accepted_groups=44283 changed=34212 rows=128 grad_mean=1.292e-02 error=-
[L-EM2] dynamic arm=applied groups=640 passes=2 accepted_steps=32 accepted_groups=170560 changed=143573 rows=512 grad_mean=1.047e-02 error=-
[L-EM2] dynamic arm=applied groups=640 passes=2 accepted_steps=32 accepted_groups=167881 changed=142358 rows=512 grad_mean=1.007e-02 error=-
[L-EM2] dynamic arm=applied groups=640 passes=2 accepted_steps=32 accepted_groups=268069 changed=226104 rows=512 grad_mean=3.052e-02 error=-
[L-EM2] dynamic arm=applied groups=640 passes=2 accepted_steps=32 accepted_groups=262535 changed=220592 rows=512 grad_mean=3.072e-02 error=-
[L-EM2] dynamic arm=applied groups=640 passes=2 accepted_steps=32 accepted_groups=99966 changed=86041 rows=128 grad_mean=7.530e-03 error=-
[L-EM2] dynamic arm=applied groups=640 passes=2 accepted_steps=32 accepted_groups=100332 changed=86191 rows=128 grad_mean=7.361e-03 error=-
[L-EM2] dynamic arm=applied groups=640 passes=2 accepted_steps=32 accepted_groups=385243 changed=326994 rows=512 grad_mean=1.386e-02 error=-
[L-EM2] dynamic arm=applied groups=640 passes=2 accepted_steps=32 accepted_groups=378165 changed=321211 rows=512 grad_mean=1.381e-02 error=-
[L-EM2] dynamic arm=applied groups=1024 passes=2 accepted_steps=32 accepted_groups=166982 changed=137488 rows=128 grad_mean=3.977e-03 error=-
[L-EM2] dynamic arm=applied groups=1024 passes=2 accepted_steps=32 accepted_groups=163473 changed=135401 rows=128 grad_mean=3.723e-03 error=-
[L-EM2] dynamic arm=applied groups=640 passes=2 accepted_steps=32 accepted_groups=209876 changed=164837 rows=512 grad_mean=4.588e-02 error=-
[L-EM2] dynamic arm=applied groups=640 passes=2 accepted_steps=32 accepted_groups=200417 changed=156622 rows=512 grad_mean=4.621e-02 error=-
[L-EM2] dynamic arm=applied groups=640 passes=2 accepted_steps=32 accepted_groups=46927 changed=36152 rows=128 grad_mean=3.967e-02 error=-
[L-EM2] dynamic arm=applied groups=640 passes=2 accepted_steps=32 accepted_groups=47367 changed=36323 rows=128 grad_mean=3.828e-02 error=-
[L-EM2] dynamic arm=applied groups=640 passes=2 accepted_steps=32 accepted_groups=79731 changed=67223 rows=128 grad_mean=2.821e-02 error=-
[L-EM2] dynamic arm=applied groups=640 passes=2 accepted_steps=32 accepted_groups=79743 changed=67236 rows=128 grad_mean=2.662e-02 error=-
[L-EM2] dynamic arm=applied groups=640 passes=2 accepted_steps=32 accepted_groups=326190 changed=275573 rows=512 grad_mean=2.322e-02 error=-
[L-EM2] dynamic arm=applied groups=640 passes=2 accepted_steps=32 accepted_groups=316141 changed=266773 rows=512 grad_mean=2.233e-02 error=-
[L-EM2] dynamic arm=applied groups=640 passes=2 accepted_steps=32 accepted_groups=66120 changed=55047 rows=128 grad_mean=3.266e-02 error=-
[L-EM2] dynamic arm=applied groups=640 passes=2 accepted_steps=32 accepted_groups=66718 changed=55499 rows=128 grad_mean=3.128e-02 error=-
[L-EM2] dynamic arm=applied groups=1024 passes=2 accepted_steps=32 accepted_groups=663973 changed=553244 rows=512 grad_mean=1.882e-03 error=-
[L-EM2] dynamic arm=applied groups=1024 passes=2 accepted_steps=32 accepted_groups=673481 changed=560928 rows=512 grad_mean=1.832e-03 error=-
[L-EM2] dynamic arm=applied groups=640 passes=2 accepted_steps=32 accepted_groups=54242 changed=45030 rows=128 grad_mean=3.238e-02 error=-
[L-EM2] dynamic arm=applied groups=640 passes=2 accepted_steps=32 accepted_groups=55156 changed=45771 rows=128 grad_mean=3.131e-02 error=-
[L-EM2] dynamic arm=applied groups=640 passes=2 accepted_steps=32 accepted_groups=195503 changed=164831 rows=512 grad_mean=3.049e-02 error=-
[L-EM2] dynamic arm=applied groups=640 passes=2 accepted_steps=32 accepted_groups=193782 changed=162740 rows=512 grad_mean=2.998e-02 error=-
[L-EM2] dynamic arm=applied groups=640 passes=2 accepted_steps=32 accepted_groups=221941 changed=196988 rows=512 grad_mean=6.462e-02 error=-
[L-EM2] dynamic arm=applied groups=640 passes=2 accepted_steps=32 accepted_groups=210406 changed=186312 rows=512 grad_mean=6.584e-02 error=-
[L-EM2] dynamic arm=applied groups=640 passes=2 accepted_steps=32 accepted_groups=61562 changed=52589 rows=128 grad_mean=5.792e-02 error=-
[L-EM2] dynamic arm=applied groups=640 passes=2 accepted_steps=32 accepted_groups=60605 changed=51642 rows=128 grad_mean=5.915e-02 error=-
[L-EM2] dynamic arm=applied groups=640 passes=2 accepted_steps=32 accepted_groups=255522 changed=198881 rows=512 grad_mean=7.373e-02 error=-
[L-EM2] dynamic arm=applied groups=640 passes=2 accepted_steps=32 accepted_groups=252126 changed=195733 rows=512 grad_mean=7.416e-02 error=-
[L-EM2] dynamic arm=applied groups=1024 passes=2 accepted_steps=32 accepted_groups=191658 changed=158595 rows=128 grad_mean=4.014e-03 error=-
[L-EM2] dynamic arm=applied groups=1024 passes=2 accepted_steps=32 accepted_groups=191782 changed=158451 rows=128 grad_mean=4.176e-03 error=-
[L-EM2] dynamic arm=applied groups=640 passes=2 accepted_steps=32 accepted_groups=187769 changed=148802 rows=512 grad_mean=1.027e-01 error=-
[L-EM2] dynamic arm=applied groups=640 passes=2 accepted_steps=32 accepted_groups=180592 changed=141592 rows=512 grad_mean=1.055e-01 error=-
[L-EM2] dynamic arm=applied groups=640 passes=2 accepted_steps=32 accepted_groups=49632 changed=41407 rows=128 grad_mean=5.688e-02 error=-
[L-EM2] dynamic arm=applied groups=640 passes=2 accepted_steps=32 accepted_groups=49220 changed=41252 rows=128 grad_mean=5.704e-02 error=-
[L-R2] rank2 reachable=1 vtu_cross_max=2.212e-09
[COMBINED-LINEAR-SAMPLE-ENERGY] reachable=1 blocks=40
[L-EM2] compile arm=compiled in=2560 gram_diag_mean=4.162487e-01 h_norm=1.2617e+02
[L-R2] rank2 reachable=1 vtu_cross_max=9.313e-09
[COMBINED-LINEAR-SAMPLE-ENERGY] reachable=1 blocks=40
[L-EM2] compile arm=compiled in=2560 gram_diag_mean=4.605106e-01 h_norm=1.2386e+02
[L-R2] rank2 reachable=1 vtu_cross_max=1.630e-09
[COMBINED-LINEAR-SAMPLE-ENERGY] reachable=1 blocks=40
[L-EM2] compile arm=compiled in=2560 gram_diag_mean=6.497254e-01 h_norm=6.7781e+01
[L-R2] rank2 reachable=1 vtu_cross_max=5.792e-09
[COMBINED-LINEAR-SAMPLE-ENERGY] reachable=1 blocks=64
[L-EM2] compile arm=compiled in=4096 gram_diag_mean=4.068347e-01 h_norm=1.0172e+02
[L-R2] rank2 reachable=1 vtu_cross_max=4.191e-09
[COMBINED-LINEAR-SAMPLE-ENERGY] reachable=1 blocks=40
[L-EM2] compile arm=compiled in=2560 gram_diag_mean=7.792596e-01 h_norm=8.2498e+01
[L-R2] rank2 reachable=1 vtu_cross_max=3.027e-09
[COMBINED-LINEAR-SAMPLE-ENERGY] reachable=1 blocks=40
[L-EM2] compile arm=compiled in=2560 gram_diag_mean=6.663027e-01 h_norm=5.7536e+01
[L-R2] rank2 reachable=1 vtu_cross_max=4.875e-09
[COMBINED-LINEAR-SAMPLE-ENERGY] reachable=1 blocks=144
[L-EM2] compile arm=out-of-scope in=9216 gram_diag_mean=0.000000e+00 h_norm=0.0000e+00
[L-R2] rank2 reachable=1 vtu_cross_max=5.122e-09
[COMBINED-LINEAR-SAMPLE-ENERGY] reachable=1 blocks=40
[L-EM2] compile arm=compiled in=2560 gram_diag_mean=6.643277e-01 h_norm=1.3898e+02
[L-R2] rank2 reachable=1 vtu_cross_max=2.794e-09
[COMBINED-LINEAR-SAMPLE-ENERGY] reachable=1 blocks=40
[L-EM2] compile arm=compiled in=2560 gram_diag_mean=1.677859e-01 h_norm=3.9376e+01
[L-R2] rank2 reachable=1 vtu_cross_max=4.657e-09
[COMBINED-LINEAR-SAMPLE-ENERGY] reachable=1 blocks=40
[L-EM2] compile arm=compiled in=2560 gram_diag_mean=2.892851e-01 h_norm=4.4023e+01
[L-R2] rank2 reachable=1 vtu_cross_max=5.588e-09
[COMBINED-LINEAR-SAMPLE-ENERGY] reachable=1 blocks=64
[L-EM2] compile arm=compiled in=4096 gram_diag_mean=6.569073e-01 h_norm=1.2055e+02
[L-R2] rank2 reachable=1 vtu_cross_max=9.313e-09
[COMBINED-LINEAR-SAMPLE-ENERGY] reachable=1 blocks=40
[L-EM2] compile arm=compiled in=2560 gram_diag_mean=9.809051e-01 h_norm=1.4124e+02
[L-R2] rank2 reachable=1 vtu_cross_max=4.657e-09
[COMBINED-LINEAR-SAMPLE-ENERGY] reachable=1 blocks=40
[L-EM2] compile arm=compiled in=2560 gram_diag_mean=8.617746e-01 h_norm=8.0942e+01
[L-R2] rank2 reachable=1 vtu_cross_max=3.725e-09
[COMBINED-LINEAR-SAMPLE-ENERGY] reachable=1 blocks=144
[L-EM2] compile arm=out-of-scope in=9216 gram_diag_mean=0.000000e+00 h_norm=0.0000e+00
[L-R2] rank2 reachable=1 vtu_cross_max=6.519e-09
[COMBINED-LINEAR-SAMPLE-ENERGY] reachable=1 blocks=40
[L-EM2] compile arm=compiled in=2560 gram_diag_mean=5.807757e-01 h_norm=1.1540e+02
[L-R2] rank2 reachable=1 vtu_cross_max=3.725e-09
[COMBINED-LINEAR-SAMPLE-ENERGY] reachable=1 blocks=40
[L-EM2] compile arm=compiled in=2560 gram_diag_mean=4.872078e-01 h_norm=9.9251e+01
[L-R2] rank2 reachable=1 vtu_cross_max=4.657e-09
[COMBINED-LINEAR-SAMPLE-ENERGY] reachable=1 blocks=40
[L-EM2] compile arm=compiled in=2560 gram_diag_mean=7.258939e-01 h_norm=9.1313e+01
[L-R2] rank2 reachable=1 vtu_cross_max=2.561e-09
[COMBINED-LINEAR-SAMPLE-ENERGY] reachable=1 blocks=64
[L-EM2] compile arm=compiled in=4096 gram_diag_mean=5.060819e-01 h_norm=9.2945e+01
[L-R2] rank2 reachable=1 vtu_cross_max=1.024e-08
[COMBINED-LINEAR-SAMPLE-ENERGY] reachable=1 blocks=40
[L-EM2] compile arm=compiled in=2560 gram_diag_mean=8.414800e-01 h_norm=1.2865e+02
[L-R2] rank2 reachable=1 vtu_cross_max=2.794e-09
[COMBINED-LINEAR-SAMPLE-ENERGY] reachable=1 blocks=40
[L-EM2] compile arm=compiled in=2560 gram_diag_mean=7.609044e-01 h_norm=7.1765e+01
[L-R2] rank2 reachable=1 vtu_cross_max=3.260e-09
[COMBINED-LINEAR-SAMPLE-ENERGY] reachable=1 blocks=144
[L-EM2] compile arm=out-of-scope in=9216 gram_diag_mean=0.000000e+00 h_norm=0.0000e+00
[L-R2] rank2 reachable=1 vtu_cross_max=8.382e-09
[COMBINED-LINEAR-SAMPLE-ENERGY] reachable=1 blocks=40
[L-EM2] compile arm=compiled in=2560 gram_diag_mean=6.063445e-01 h_norm=1.7495e+02
[L-R2] rank2 reachable=1 vtu_cross_max=2.154e-09
[COMBINED-LINEAR-SAMPLE-ENERGY] reachable=1 blocks=40
[L-EM2] compile arm=compiled in=2560 gram_diag_mean=6.297785e-01 h_norm=1.4828e+02
[L-R2] rank2 reachable=1 vtu_cross_max=3.725e-09
[COMBINED-LINEAR-SAMPLE-ENERGY] reachable=1 blocks=40
[L-EM2] compile arm=compiled in=2560 gram_diag_mean=1.080649e+00 h_norm=1.3640e+02
[L-R2] rank2 reachable=1 vtu_cross_max=4.889e-09
[COMBINED-LINEAR-SAMPLE-ENERGY] reachable=1 blocks=64
[L-EM2] compile arm=compiled in=4096 gram_diag_mean=5.324391e-01 h_norm=8.4628e+01
[L-R2] rank2 reachable=1 vtu_cross_max=2.794e-09
[COMBINED-LINEAR-SAMPLE-ENERGY] reachable=1 blocks=40
[L-EM2] compile arm=compiled in=2560 gram_diag_mean=1.687704e+00 h_norm=3.0678e+02
[L-R2] rank2 reachable=1 vtu_cross_max=5.588e-09
[COMBINED-LINEAR-SAMPLE-ENERGY] reachable=1 blocks=40
[L-EM2] compile arm=compiled in=2560 gram_diag_mean=8.986146e-01 h_norm=8.5281e+01
[L-R2] rank2 reachable=1 vtu_cross_max=5.588e-09
[COMBINED-LINEAR-SAMPLE-ENERGY] reachable=1 blocks=144
[L-EM2] compile arm=out-of-scope in=9216 gram_diag_mean=0.000000e+00 h_norm=0.0000e+00
[L-EM2] dynamic arm=applied groups=640 passes=2 accepted_steps=32 accepted_groups=5320 changed=5265 rows=128 grad_mean=7.987e-02 error=-
[L-EM2] dynamic arm=applied groups=640 passes=2 accepted_steps=32 accepted_groups=5766 changed=5682 rows=128 grad_mean=7.780e-02 error=-
[L-EM2] dynamic arm=applied groups=640 passes=2 accepted_steps=32 accepted_groups=82261 changed=76914 rows=512 grad_mean=6.291e-02 error=-
[L-EM2] dynamic arm=applied groups=640 passes=2 accepted_steps=32 accepted_groups=87713 changed=81574 rows=512 grad_mean=6.030e-02 error=-
[L-EM2] dynamic arm=applied groups=640 passes=2 accepted_steps=32 accepted_groups=593 changed=593 rows=128 grad_mean=1.936e-01 error=-
[L-EM2] dynamic arm=applied groups=640 passes=2 accepted_steps=32 accepted_groups=738 changed=738 rows=128 grad_mean=1.852e-01 error=-
[L-EM2] dynamic arm=applied groups=1024 passes=2 accepted_steps=32 accepted_groups=636445 changed=524515 rows=512 grad_mean=4.368e-04 error=-
[L-EM2] dynamic arm=applied groups=1024 passes=2 accepted_steps=32 accepted_groups=640982 changed=528479 rows=512 grad_mean=4.408e-04 error=-
[L-EM2] dynamic arm=applied groups=640 passes=2 accepted_steps=32 accepted_groups=45426 changed=34853 rows=128 grad_mean=1.384e-02 error=-
[L-EM2] dynamic arm=applied groups=640 passes=2 accepted_steps=32 accepted_groups=44283 changed=34212 rows=128 grad_mean=1.292e-02 error=-
[L-EM2] dynamic arm=applied groups=640 passes=2 accepted_steps=32 accepted_groups=170560 changed=143573 rows=512 grad_mean=1.047e-02 error=-
[L-EM2] dynamic arm=applied groups=640 passes=2 accepted_steps=32 accepted_groups=167881 changed=142358 rows=512 grad_mean=1.007e-02 error=-
[L-EM2] dynamic arm=applied groups=640 passes=2 accepted_steps=32 accepted_groups=268069 changed=226104 rows=512 grad_mean=3.052e-02 error=-
[L-EM2] dynamic arm=applied groups=640 passes=2 accepted_steps=32 accepted_groups=262535 changed=220592 rows=512 grad_mean=3.072e-02 error=-
[L-EM2] dynamic arm=applied groups=640 passes=2 accepted_steps=32 accepted_groups=99966 changed=86041 rows=128 grad_mean=7.530e-03 error=-
[L-EM2] dynamic arm=applied groups=640 passes=2 accepted_steps=32 accepted_groups=100332 changed=86191 rows=128 grad_mean=7.361e-03 error=-
[L-EM2] dynamic arm=applied groups=640 passes=2 accepted_steps=32 accepted_groups=385243 changed=326994 rows=512 grad_mean=1.386e-02 error=-
[L-EM2] dynamic arm=applied groups=640 passes=2 accepted_steps=32 accepted_groups=378165 changed=321211 rows=512 grad_mean=1.381e-02 error=-
[L-EM2] dynamic arm=applied groups=1024 passes=2 accepted_steps=32 accepted_groups=166982 changed=137488 rows=128 grad_mean=3.977e-03 error=-
[L-EM2] dynamic arm=applied groups=1024 passes=2 accepted_steps=32 accepted_groups=163473 changed=135401 rows=128 grad_mean=3.723e-03 error=-
[L-EM2] dynamic arm=applied groups=640 passes=2 accepted_steps=32 accepted_groups=209876 changed=164837 rows=512 grad_mean=4.588e-02 error=-
[L-EM2] dynamic arm=applied groups=640 passes=2 accepted_steps=32 accepted_groups=200417 changed=156622 rows=512 grad_mean=4.621e-02 error=-
[L-EM2] dynamic arm=applied groups=640 passes=2 accepted_steps=32 accepted_groups=46927 changed=36152 rows=128 grad_mean=3.967e-02 error=-
[L-EM2] dynamic arm=applied groups=640 passes=2 accepted_steps=32 accepted_groups=47367 changed=36323 rows=128 grad_mean=3.828e-02 error=-
[L-EM2] dynamic arm=applied groups=640 passes=2 accepted_steps=32 accepted_groups=79731 changed=67223 rows=128 grad_mean=2.821e-02 error=-
[L-EM2] dynamic arm=applied groups=640 passes=2 accepted_steps=32 accepted_groups=79743 changed=67236 rows=128 grad_mean=2.662e-02 error=-
[L-EM2] dynamic arm=applied groups=640 passes=2 accepted_steps=32 accepted_groups=326190 changed=275573 rows=512 grad_mean=2.322e-02 error=-
[L-EM2] dynamic arm=applied groups=640 passes=2 accepted_steps=32 accepted_groups=316141 changed=266773 rows=512 grad_mean=2.233e-02 error=-
[L-EM2] dynamic arm=applied groups=640 passes=2 accepted_steps=32 accepted_groups=66120 changed=55047 rows=128 grad_mean=3.266e-02 error=-
[L-EM2] dynamic arm=applied groups=640 passes=2 accepted_steps=32 accepted_groups=66718 changed=55499 rows=128 grad_mean=3.128e-02 error=-
[L-EM2] dynamic arm=applied groups=1024 passes=2 accepted_steps=32 accepted_groups=663973 changed=553244 rows=512 grad_mean=1.882e-03 error=-
[L-EM2] dynamic arm=applied groups=1024 passes=2 accepted_steps=32 accepted_groups=673481 changed=560928 rows=512 grad_mean=1.832e-03 error=-
[L-EM2] dynamic arm=applied groups=640 passes=2 accepted_steps=32 accepted_groups=54242 changed=45030 rows=128 grad_mean=3.238e-02 error=-
[L-EM2] dynamic arm=applied groups=640 passes=2 accepted_steps=32 accepted_groups=55156 changed=45771 rows=128 grad_mean=3.131e-02 error=-
[L-EM2] dynamic arm=applied groups=640 passes=2 accepted_steps=32 accepted_groups=195503 changed=164831 rows=512 grad_mean=3.049e-02 error=-
[L-EM2] dynamic arm=applied groups=640 passes=2 accepted_steps=32 accepted_groups=193782 changed=162740 rows=512 grad_mean=2.998e-02 error=-
[L-EM2] dynamic arm=applied groups=640 passes=2 accepted_steps=32 accepted_groups=221941 changed=196988 rows=512 grad_mean=6.462e-02 error=-
[L-EM2] dynamic arm=applied groups=640 passes=2 accepted_steps=32 accepted_groups=210406 changed=186312 rows=512 grad_mean=6.584e-02 error=-
[L-EM2] dynamic arm=applied groups=640 passes=2 accepted_steps=32 accepted_groups=61562 changed=52589 rows=128 grad_mean=5.792e-02 error=-
[L-EM2] dynamic arm=applied groups=640 passes=2 accepted_steps=32 accepted_groups=60605 changed=51642 rows=128 grad_mean=5.915e-02 error=-
[L-EM2] dynamic arm=applied groups=640 passes=2 accepted_steps=32 accepted_groups=255522 changed=198881 rows=512 grad_mean=7.373e-02 error=-
[L-EM2] dynamic arm=applied groups=640 passes=2 accepted_steps=32 accepted_groups=252126 changed=195733 rows=512 grad_mean=7.416e-02 error=-
[L-EM2] dynamic arm=applied groups=1024 passes=2 accepted_steps=32 accepted_groups=191658 changed=158595 rows=128 grad_mean=4.014e-03 error=-
[L-EM2] dynamic arm=applied groups=1024 passes=2 accepted_steps=32 accepted_groups=191782 changed=158451 rows=128 grad_mean=4.176e-03 error=-
[L-EM2] dynamic arm=applied groups=640 passes=2 accepted_steps=32 accepted_groups=187769 changed=148802 rows=512 grad_mean=1.027e-01 error=-
[L-EM2] dynamic arm=applied groups=640 passes=2 accepted_steps=32 accepted_groups=180592 changed=141592 rows=512 grad_mean=1.055e-01 error=-
[L-EM2] dynamic arm=applied groups=640 passes=2 accepted_steps=32 accepted_groups=49632 changed=41407 rows=128 grad_mean=5.688e-02 error=-
[L-EM2] dynamic arm=applied groups=640 passes=2 accepted_steps=32 accepted_groups=49220 changed=41252 rows=128 grad_mean=5.704e-02 error=-
[L-EM2] dynamic arm=applied groups=640 passes=2 accepted_steps=32 accepted_groups=316385 changed=272063 rows=512 grad_mean=8.791e-03 error=-
[L-EM2] dynamic arm=applied groups=640 passes=2 accepted_steps=32 accepted_groups=320192 changed=275301 rows=512 grad_mean=8.290e-03 error=-
[L-EM2] dynamic arm=applied groups=640 passes=2 accepted_steps=32 accepted_groups=77211 changed=64947 rows=128 grad_mean=9.807e-03 error=-
[L-EM2] dynamic arm=applied groups=640 passes=2 accepted_steps=32 accepted_groups=78068 changed=65565 rows=128 grad_mean=9.370e-03 error=-
[L-EM2] dynamic arm=applied groups=640 passes=2 accepted_steps=32 accepted_groups=256237 changed=208280 rows=512 grad_mean=1.818e-02 error=-
[L-EM2] dynamic arm=applied groups=640 passes=2 accepted_steps=32 accepted_groups=257299 changed=209008 rows=512 grad_mean=1.700e-02 error=-
[L-EM2] dynamic arm=applied groups=1024 passes=2 accepted_steps=32 accepted_groups=179925 changed=148427 rows=128 grad_mean=5.334e-04 error=-
[L-EM2] dynamic arm=applied groups=1024 passes=2 accepted_steps=32 accepted_groups=176550 changed=146440 rows=128 grad_mean=4.847e-04 error=-
[L-EM2] dynamic arm=applied groups=640 passes=2 accepted_steps=32 accepted_groups=179009 changed=138944 rows=512 grad_mean=1.679e-02 error=-
[L-EM2] dynamic arm=applied groups=640 passes=2 accepted_steps=32 accepted_groups=177211 changed=137661 rows=512 grad_mean=1.604e-02 error=-
[L-EM2] dynamic arm=applied groups=640 passes=2 accepted_steps=32 accepted_groups=44648 changed=37857 rows=128 grad_mean=1.506e-02 error=-
[L-EM2] dynamic arm=applied groups=640 passes=2 accepted_steps=32 accepted_groups=44492 changed=37695 rows=128 grad_mean=1.445e-02 error=-
[L-EM2] dynamic arm=applied groups=640 passes=2 accepted_steps=32 accepted_groups=82470 changed=69422 rows=128 grad_mean=1.731e-02 error=-
[L-EM2] dynamic arm=applied groups=640 passes=2 accepted_steps=32 accepted_groups=82564 changed=69470 rows=128 grad_mean=1.695e-02 error=-
[L-EM2] dynamic arm=applied groups=640 passes=2 accepted_steps=32 accepted_groups=335383 changed=286578 rows=512 grad_mean=1.934e-02 error=-
[L-EM2] dynamic arm=applied groups=640 passes=2 accepted_steps=32 accepted_groups=333550 changed=284931 rows=512 grad_mean=1.830e-02 error=-
[L-EM2] dynamic arm=applied groups=640 passes=2 accepted_steps=32 accepted_groups=64730 changed=52880 rows=128 grad_mean=3.111e-02 error=-
[L-EM2] dynamic arm=applied groups=640 passes=2 accepted_steps=32 accepted_groups=65156 changed=53485 rows=128 grad_mean=3.061e-02 error=-
[L-EM2] dynamic arm=applied groups=1024 passes=2 accepted_steps=32 accepted_groups=672683 changed=542235 rows=512 grad_mean=2.105e-03 error=-
[L-EM2] dynamic arm=applied groups=1024 passes=2 accepted_steps=32 accepted_groups=658490 changed=529434 rows=512 grad_mean=1.942e-03 error=-
[L-EM2] dynamic arm=applied groups=640 passes=2 accepted_steps=32 accepted_groups=50210 changed=40096 rows=128 grad_mean=3.870e-02 error=-
[L-EM2] dynamic arm=applied groups=640 passes=2 accepted_steps=32 accepted_groups=50561 changed=40127 rows=128 grad_mean=3.818e-02 error=-
[L-EM2] dynamic arm=applied groups=640 passes=2 accepted_steps=32 accepted_groups=192274 changed=153280 rows=512 grad_mean=2.594e-02 error=-
[L-EM2] dynamic arm=applied groups=640 passes=2 accepted_steps=32 accepted_groups=190520 changed=151755 rows=512 grad_mean=2.491e-02 error=-
[L-EM2] dynamic arm=applied groups=640 passes=2 accepted_steps=32 accepted_groups=275183 changed=233736 rows=512 grad_mean=3.514e-02 error=-
[L-EM2] dynamic arm=applied groups=640 passes=2 accepted_steps=32 accepted_groups=266620 changed=225646 rows=512 grad_mean=3.447e-02 error=-
[L-EM2] dynamic arm=applied groups=640 passes=2 accepted_steps=32 accepted_groups=81736 changed=70480 rows=128 grad_mean=1.116e-02 error=-
[L-EM2] dynamic arm=applied groups=640 passes=2 accepted_steps=32 accepted_groups=79680 changed=69309 rows=128 grad_mean=1.126e-02 error=-
[L-EM2] dynamic arm=applied groups=640 passes=2 accepted_steps=32 accepted_groups=377467 changed=323684 rows=512 grad_mean=1.516e-02 error=-
[L-EM2] dynamic arm=applied groups=640 passes=2 accepted_steps=32 accepted_groups=369514 changed=317110 rows=512 grad_mean=1.520e-02 error=-
[L-EM2] dynamic arm=applied groups=1024 passes=2 accepted_steps=32 accepted_groups=166593 changed=138551 rows=128 grad_mean=2.852e-03 error=-
[L-EM2] dynamic arm=applied groups=1024 passes=2 accepted_steps=32 accepted_groups=167614 changed=138882 rows=128 grad_mean=2.916e-03 error=-
[L-EM2] dynamic arm=applied groups=640 passes=2 accepted_steps=32 accepted_groups=208416 changed=164570 rows=512 grad_mean=7.002e-02 error=-
[L-EM2] dynamic arm=applied groups=640 passes=2 accepted_steps=32 accepted_groups=201710 changed=158792 rows=512 grad_mean=7.092e-02 error=-
[L-EM2] dynamic arm=applied groups=640 passes=2 accepted_steps=32 accepted_groups=47304 changed=40232 rows=128 grad_mean=4.102e-02 error=-
[L-EM2] dynamic arm=applied groups=640 passes=2 accepted_steps=32 accepted_groups=47003 changed=39960 rows=128 grad_mean=4.038e-02 error=-
[L-EM2] dynamic arm=applied groups=640 passes=2 accepted_steps=32 accepted_groups=85867 changed=71760 rows=128 grad_mean=3.136e-02 error=-
[L-EM2] dynamic arm=applied groups=640 passes=2 accepted_steps=32 accepted_groups=86761 changed=72822 rows=128 grad_mean=3.154e-02 error=-
[L-EM2] dynamic arm=applied groups=640 passes=2 accepted_steps=32 accepted_groups=267268 changed=221008 rows=512 grad_mean=4.138e-02 error=-
[L-EM2] dynamic arm=applied groups=640 passes=2 accepted_steps=32 accepted_groups=261323 changed=216590 rows=512 grad_mean=4.188e-02 error=-
[L-EM2] dynamic arm=applied groups=640 passes=2 accepted_steps=32 accepted_groups=64104 changed=51017 rows=128 grad_mean=5.634e-02 error=-
[L-EM2] dynamic arm=applied groups=640 passes=2 accepted_steps=32 accepted_groups=62745 changed=50069 rows=128 grad_mean=5.736e-02 error=-
[L-EM2] dynamic arm=applied groups=1024 passes=2 accepted_steps=32 accepted_groups=711768 changed=571154 rows=512 grad_mean=4.178e-03 error=-
[L-EM2] dynamic arm=applied groups=1024 passes=2 accepted_steps=32 accepted_groups=720141 changed=579581 rows=512 grad_mean=4.450e-03 error=-
[L-EM2] dynamic arm=applied groups=640 passes=2 accepted_steps=32 accepted_groups=36485 changed=28191 rows=128 grad_mean=1.249e-01 error=-
[L-EM2] dynamic arm=applied groups=640 passes=2 accepted_steps=32 accepted_groups=35543 changed=27130 rows=128 grad_mean=1.247e-01 error=-
[L-EM2] dynamic arm=applied groups=640 passes=2 accepted_steps=32 accepted_groups=207777 changed=154823 rows=512 grad_mean=6.032e-02 error=-
[L-EM2] dynamic arm=applied groups=640 passes=2 accepted_steps=32 accepted_groups=203328 changed=152258 rows=512 grad_mean=6.171e-02 error=-
[L-R2] rank2 reachable=1 vtu_cross_max=2.445e-09
[COMBINED-LINEAR-SAMPLE-ENERGY] reachable=1 blocks=40
[L-EM2] compile arm=compiled in=2560 gram_diag_mean=3.739544e-01 h_norm=1.2646e+01
[L-R2] rank2 reachable=1 vtu_cross_max=3.725e-09
[COMBINED-LINEAR-SAMPLE-ENERGY] reachable=1 blocks=40
[L-EM2] compile arm=compiled in=2560 gram_diag_mean=3.609391e-01 h_norm=4.7984e+01
[L-R2] rank2 reachable=1 vtu_cross_max=3.260e-09
[COMBINED-LINEAR-SAMPLE-ENERGY] reachable=1 blocks=40
[L-EM2] compile arm=compiled in=2560 gram_diag_mean=7.580103e-01 h_norm=9.0512e+01
[L-R2] rank2 reachable=1 vtu_cross_max=5.588e-09
[COMBINED-LINEAR-SAMPLE-ENERGY] reachable=1 blocks=64
[L-EM2] compile arm=compiled in=4096 gram_diag_mean=4.892622e-01 h_norm=9.9974e+01
[L-R2] rank2 reachable=1 vtu_cross_max=6.054e-09
[COMBINED-LINEAR-SAMPLE-ENERGY] reachable=1 blocks=40
[L-EM2] compile arm=compiled in=2560 gram_diag_mean=7.872699e-01 h_norm=8.2960e+01
[L-R2] rank2 reachable=1 vtu_cross_max=6.519e-09
[COMBINED-LINEAR-SAMPLE-ENERGY] reachable=1 blocks=40
[L-EM2] compile arm=compiled in=2560 gram_diag_mean=6.648925e-01 h_norm=5.7859e+01
[L-R2] rank2 reachable=1 vtu_cross_max=2.328e-09
[COMBINED-LINEAR-SAMPLE-ENERGY] reachable=1 blocks=144
[L-EM2] compile arm=out-of-scope in=9216 gram_diag_mean=0.000000e+00 h_norm=0.0000e+00
[L-R2] rank2 reachable=1 vtu_cross_max=8.615e-09
[COMBINED-LINEAR-SAMPLE-ENERGY] reachable=1 blocks=40
[L-EM2] compile arm=compiled in=2560 gram_diag_mean=3.921230e-01 h_norm=6.5740e+01
[L-R2] rank2 reachable=1 vtu_cross_max=5.763e-09
[COMBINED-LINEAR-SAMPLE-ENERGY] reachable=1 blocks=40
[L-EM2] compile arm=compiled in=2560 gram_diag_mean=4.828611e-01 h_norm=8.4909e+01
[L-R2] rank2 reachable=1 vtu_cross_max=1.863e-09
[COMBINED-LINEAR-SAMPLE-ENERGY] reachable=1 blocks=40
[L-EM2] compile arm=compiled in=2560 gram_diag_mean=7.158596e-01 h_norm=7.9108e+01
[L-R2] rank2 reachable=1 vtu_cross_max=9.313e-10
[COMBINED-LINEAR-SAMPLE-ENERGY] reachable=1 blocks=64
[L-EM2] compile arm=compiled in=4096 gram_diag_mean=5.006653e-01 h_norm=8.6517e+01
[L-R2] rank2 reachable=1 vtu_cross_max=3.725e-09
[COMBINED-LINEAR-SAMPLE-ENERGY] reachable=1 blocks=40
[L-EM2] compile arm=compiled in=2560 gram_diag_mean=9.527178e-01 h_norm=1.2981e+02
[L-R2] rank2 reachable=1 vtu_cross_max=7.916e-09
[COMBINED-LINEAR-SAMPLE-ENERGY] reachable=1 blocks=40
[L-EM2] compile arm=compiled in=2560 gram_diag_mean=6.387160e-01 h_norm=5.4860e+01
[L-R2] rank2 reachable=1 vtu_cross_max=4.657e-09
[COMBINED-LINEAR-SAMPLE-ENERGY] reachable=1 blocks=144
[L-EM2] compile arm=out-of-scope in=9216 gram_diag_mean=0.000000e+00 h_norm=0.0000e+00
[L-R2] rank2 reachable=1 vtu_cross_max=1.164e-09
[COMBINED-LINEAR-SAMPLE-ENERGY] reachable=1 blocks=40
[L-EM2] compile arm=compiled in=2560 gram_diag_mean=7.014470e-01 h_norm=1.4711e+02
[L-R2] rank2 reachable=1 vtu_cross_max=3.725e-09
[COMBINED-LINEAR-SAMPLE-ENERGY] reachable=1 blocks=40
[L-EM2] compile arm=compiled in=2560 gram_diag_mean=1.716635e-01 h_norm=4.4128e+01
[L-R2] rank2 reachable=1 vtu_cross_max=1.164e-08
[COMBINED-LINEAR-SAMPLE-ENERGY] reachable=1 blocks=40
[L-EM2] compile arm=compiled in=2560 gram_diag_mean=2.982883e-01 h_norm=5.0044e+01
[L-R2] rank2 reachable=1 vtu_cross_max=5.588e-09
[COMBINED-LINEAR-SAMPLE-ENERGY] reachable=1 blocks=64
[L-EM2] compile arm=compiled in=4096 gram_diag_mean=5.510036e-01 h_norm=9.7686e+01
[L-R2] rank2 reachable=1 vtu_cross_max=1.048e-08
[COMBINED-LINEAR-SAMPLE-ENERGY] reachable=1 blocks=40
[L-EM2] compile arm=compiled in=2560 gram_diag_mean=1.337850e+00 h_norm=1.9537e+02
[L-R2] rank2 reachable=1 vtu_cross_max=5.122e-09
[COMBINED-LINEAR-SAMPLE-ENERGY] reachable=1 blocks=40
[L-EM2] compile arm=compiled in=2560 gram_diag_mean=7.640371e-01 h_norm=6.6008e+01
[L-R2] rank2 reachable=1 vtu_cross_max=4.424e-09
[COMBINED-LINEAR-SAMPLE-ENERGY] reachable=1 blocks=144
[L-EM2] compile arm=out-of-scope in=9216 gram_diag_mean=0.000000e+00 h_norm=0.0000e+00
[L-R2] rank2 reachable=1 vtu_cross_max=7.451e-09
[COMBINED-LINEAR-SAMPLE-ENERGY] reachable=1 blocks=40
[L-EM2] compile arm=compiled in=2560 gram_diag_mean=5.027320e-01 h_norm=8.7243e+01
[L-R2] rank2 reachable=1 vtu_cross_max=1.397e-09
[COMBINED-LINEAR-SAMPLE-ENERGY] reachable=1 blocks=40
[L-EM2] compile arm=compiled in=2560 gram_diag_mean=5.528332e-01 h_norm=1.1706e+02
[L-R2] rank2 reachable=1 vtu_cross_max=7.334e-09
[COMBINED-LINEAR-SAMPLE-ENERGY] reachable=1 blocks=40
[L-EM2] compile arm=compiled in=2560 gram_diag_mean=8.567174e-01 h_norm=1.0118e+02
[L-R2] rank2 reachable=1 vtu_cross_max=1.397e-09
[COMBINED-LINEAR-SAMPLE-ENERGY] reachable=1 blocks=64
[L-EM2] compile arm=compiled in=4096 gram_diag_mean=5.861745e-01 h_norm=9.9500e+01
[L-R2] rank2 reachable=1 vtu_cross_max=7.451e-09
[COMBINED-LINEAR-SAMPLE-ENERGY] reachable=1 blocks=40
[L-EM2] compile arm=compiled in=2560 gram_diag_mean=1.736063e+00 h_norm=3.2425e+02
[L-R2] rank2 reachable=1 vtu_cross_max=6.519e-09
[COMBINED-LINEAR-SAMPLE-ENERGY] reachable=1 blocks=40
[L-EM2] compile arm=compiled in=2560 gram_diag_mean=9.521372e-01 h_norm=9.1442e+01
[L-R2] rank2 reachable=1 vtu_cross_max=5.821e-09
[COMBINED-LINEAR-SAMPLE-ENERGY] reachable=1 blocks=144
[L-EM2] compile arm=out-of-scope in=9216 gram_diag_mean=0.000000e+00 h_norm=0.0000e+00
[L-EM2] dynamic arm=applied groups=640 passes=2 accepted_steps=32 accepted_groups=316385 changed=272063 rows=512 grad_mean=8.791e-03 error=-
[L-EM2] dynamic arm=applied groups=640 passes=2 accepted_steps=32 accepted_groups=320192 changed=275301 rows=512 grad_mean=8.290e-03 error=-
[L-EM2] dynamic arm=applied groups=640 passes=2 accepted_steps=32 accepted_groups=77211 changed=64947 rows=128 grad_mean=9.807e-03 error=-
[L-EM2] dynamic arm=applied groups=640 passes=2 accepted_steps=32 accepted_groups=78068 changed=65565 rows=128 grad_mean=9.370e-03 error=-
[L-EM2] dynamic arm=applied groups=640 passes=2 accepted_steps=32 accepted_groups=256237 changed=208280 rows=512 grad_mean=1.818e-02 error=-
[L-EM2] dynamic arm=applied groups=640 passes=2 accepted_steps=32 accepted_groups=257299 changed=209008 rows=512 grad_mean=1.700e-02 error=-
[L-EM2] dynamic arm=applied groups=1024 passes=2 accepted_steps=32 accepted_groups=179925 changed=148427 rows=128 grad_mean=5.334e-04 error=-
[L-EM2] dynamic arm=applied groups=1024 passes=2 accepted_steps=32 accepted_groups=176550 changed=146440 rows=128 grad_mean=4.847e-04 error=-
[L-EM2] dynamic arm=applied groups=640 passes=2 accepted_steps=32 accepted_groups=179009 changed=138944 rows=512 grad_mean=1.679e-02 error=-
[L-EM2] dynamic arm=applied groups=640 passes=2 accepted_steps=32 accepted_groups=177211 changed=137661 rows=512 grad_mean=1.604e-02 error=-
[L-EM2] dynamic arm=applied groups=640 passes=2 accepted_steps=32 accepted_groups=44648 changed=37857 rows=128 grad_mean=1.506e-02 error=-
[L-EM2] dynamic arm=applied groups=640 passes=2 accepted_steps=32 accepted_groups=44492 changed=37695 rows=128 grad_mean=1.445e-02 error=-
[L-EM2] dynamic arm=applied groups=640 passes=2 accepted_steps=32 accepted_groups=82470 changed=69422 rows=128 grad_mean=1.731e-02 error=-
[L-EM2] dynamic arm=applied groups=640 passes=2 accepted_steps=32 accepted_groups=82564 changed=69470 rows=128 grad_mean=1.695e-02 error=-
[L-EM2] dynamic arm=applied groups=640 passes=2 accepted_steps=32 accepted_groups=335383 changed=286578 rows=512 grad_mean=1.934e-02 error=-
[L-EM2] dynamic arm=applied groups=640 passes=2 accepted_steps=32 accepted_groups=333550 changed=284931 rows=512 grad_mean=1.830e-02 error=-
[L-EM2] dynamic arm=applied groups=640 passes=2 accepted_steps=32 accepted_groups=64730 changed=52880 rows=128 grad_mean=3.111e-02 error=-
[L-EM2] dynamic arm=applied groups=640 passes=2 accepted_steps=32 accepted_groups=65156 changed=53485 rows=128 grad_mean=3.061e-02 error=-
[L-EM2] dynamic arm=applied groups=1024 passes=2 accepted_steps=32 accepted_groups=672683 changed=542235 rows=512 grad_mean=2.105e-03 error=-
[L-EM2] dynamic arm=applied groups=1024 passes=2 accepted_steps=32 accepted_groups=658490 changed=529434 rows=512 grad_mean=1.942e-03 error=-
[L-EM2] dynamic arm=applied groups=640 passes=2 accepted_steps=32 accepted_groups=50210 changed=40096 rows=128 grad_mean=3.870e-02 error=-
[L-EM2] dynamic arm=applied groups=640 passes=2 accepted_steps=32 accepted_groups=50561 changed=40127 rows=128 grad_mean=3.818e-02 error=-
[L-EM2] dynamic arm=applied groups=640 passes=2 accepted_steps=32 accepted_groups=192274 changed=153280 rows=512 grad_mean=2.594e-02 error=-
[L-EM2] dynamic arm=applied groups=640 passes=2 accepted_steps=32 accepted_groups=190520 changed=151755 rows=512 grad_mean=2.491e-02 error=-
[L-EM2] dynamic arm=applied groups=640 passes=2 accepted_steps=32 accepted_groups=275183 changed=233736 rows=512 grad_mean=3.514e-02 error=-
[L-EM2] dynamic arm=applied groups=640 passes=2 accepted_steps=32 accepted_groups=266620 changed=225646 rows=512 grad_mean=3.447e-02 error=-
[L-EM2] dynamic arm=applied groups=640 passes=2 accepted_steps=32 accepted_groups=81736 changed=70480 rows=128 grad_mean=1.116e-02 error=-
[L-EM2] dynamic arm=applied groups=640 passes=2 accepted_steps=32 accepted_groups=79680 changed=69309 rows=128 grad_mean=1.126e-02 error=-
[L-EM2] dynamic arm=applied groups=640 passes=2 accepted_steps=32 accepted_groups=377467 changed=323684 rows=512 grad_mean=1.516e-02 error=-
[L-EM2] dynamic arm=applied groups=640 passes=2 accepted_steps=32 accepted_groups=369514 changed=317110 rows=512 grad_mean=1.520e-02 error=-
[L-EM2] dynamic arm=applied groups=1024 passes=2 accepted_steps=32 accepted_groups=166593 changed=138551 rows=128 grad_mean=2.852e-03 error=-
[L-EM2] dynamic arm=applied groups=1024 passes=2 accepted_steps=32 accepted_groups=167614 changed=138882 rows=128 grad_mean=2.916e-03 error=-
[L-EM2] dynamic arm=applied groups=640 passes=2 accepted_steps=32 accepted_groups=208416 changed=164570 rows=512 grad_mean=7.002e-02 error=-
[L-EM2] dynamic arm=applied groups=640 passes=2 accepted_steps=32 accepted_groups=201710 changed=158792 rows=512 grad_mean=7.092e-02 error=-
[L-EM2] dynamic arm=applied groups=640 passes=2 accepted_steps=32 accepted_groups=47304 changed=40232 rows=128 grad_mean=4.102e-02 error=-
[L-EM2] dynamic arm=applied groups=640 passes=2 accepted_steps=32 accepted_groups=47003 changed=39960 rows=128 grad_mean=4.038e-02 error=-
[L-EM2] dynamic arm=applied groups=640 passes=2 accepted_steps=32 accepted_groups=85867 changed=71760 rows=128 grad_mean=3.136e-02 error=-
[L-EM2] dynamic arm=applied groups=640 passes=2 accepted_steps=32 accepted_groups=86761 changed=72822 rows=128 grad_mean=3.154e-02 error=-
[L-EM2] dynamic arm=applied groups=640 passes=2 accepted_steps=32 accepted_groups=267268 changed=221008 rows=512 grad_mean=4.138e-02 error=-
[L-EM2] dynamic arm=applied groups=640 passes=2 accepted_steps=32 accepted_groups=261323 changed=216590 rows=512 grad_mean=4.188e-02 error=-
[L-EM2] dynamic arm=applied groups=640 passes=2 accepted_steps=32 accepted_groups=64104 changed=51017 rows=128 grad_mean=5.634e-02 error=-
[L-EM2] dynamic arm=applied groups=640 passes=2 accepted_steps=32 accepted_groups=62745 changed=50069 rows=128 grad_mean=5.736e-02 error=-
[L-EM2] dynamic arm=applied groups=1024 passes=2 accepted_steps=32 accepted_groups=711768 changed=571154 rows=512 grad_mean=4.178e-03 error=-
[L-EM2] dynamic arm=applied groups=1024 passes=2 accepted_steps=32 accepted_groups=720141 changed=579581 rows=512 grad_mean=4.450e-03 error=-
[L-EM2] dynamic arm=applied groups=640 passes=2 accepted_steps=32 accepted_groups=36485 changed=28191 rows=128 grad_mean=1.249e-01 error=-
[L-EM2] dynamic arm=applied groups=640 passes=2 accepted_steps=32 accepted_groups=35543 changed=27130 rows=128 grad_mean=1.247e-01 error=-
[L-EM2] dynamic arm=applied groups=640 passes=2 accepted_steps=32 accepted_groups=207777 changed=154823 rows=512 grad_mean=6.032e-02 error=-
[L-EM2] dynamic arm=applied groups=640 passes=2 accepted_steps=32 accepted_groups=203328 changed=152258 rows=512 grad_mean=6.171e-02 error=-
[L-EM2] dynamic arm=applied groups=640 passes=2 accepted_steps=32 accepted_groups=80050 changed=67719 rows=128 grad_mean=1.201e-02 error=-
[L-EM2] dynamic arm=applied groups=640 passes=2 accepted_steps=32 accepted_groups=79659 changed=67302 rows=128 grad_mean=1.149e-02 error=-
[L-EM2] dynamic arm=applied groups=640 passes=2 accepted_steps=32 accepted_groups=314027 changed=265137 rows=512 grad_mean=1.176e-02 error=-
[L-EM2] dynamic arm=applied groups=640 passes=2 accepted_steps=32 accepted_groups=311302 changed=263252 rows=512 grad_mean=1.113e-02 error=-
[L-EM2] dynamic arm=applied groups=640 passes=2 accepted_steps=32 accepted_groups=65266 changed=53722 rows=128 grad_mean=2.366e-02 error=-
[L-EM2] dynamic arm=applied groups=640 passes=2 accepted_steps=32 accepted_groups=65652 changed=54024 rows=128 grad_mean=2.276e-02 error=-
[L-EM2] dynamic arm=applied groups=1024 passes=2 accepted_steps=32 accepted_groups=719163 changed=582891 rows=512 grad_mean=6.154e-04 error=-
[L-EM2] dynamic arm=applied groups=1024 passes=2 accepted_steps=32 accepted_groups=713853 changed=579823 rows=512 grad_mean=6.020e-04 error=-
[L-EM2] dynamic arm=applied groups=640 passes=2 accepted_steps=32 accepted_groups=45365 changed=36610 rows=128 grad_mean=2.351e-02 error=-
[L-EM2] dynamic arm=applied groups=640 passes=2 accepted_steps=32 accepted_groups=44623 changed=35704 rows=128 grad_mean=2.195e-02 error=-
[L-EM2] dynamic arm=applied groups=640 passes=2 accepted_steps=32 accepted_groups=177568 changed=151139 rows=512 grad_mean=1.583e-02 error=-
[L-EM2] dynamic arm=applied groups=640 passes=2 accepted_steps=32 accepted_groups=175882 changed=149821 rows=512 grad_mean=1.514e-02 error=-
[L-EM2] dynamic arm=applied groups=640 passes=2 accepted_steps=32 accepted_groups=337031 changed=287018 rows=512 grad_mean=1.757e-02 error=-
[L-EM2] dynamic arm=applied groups=640 passes=2 accepted_steps=32 accepted_groups=330874 changed=280828 rows=512 grad_mean=1.757e-02 error=-
[L-EM2] dynamic arm=applied groups=640 passes=2 accepted_steps=32 accepted_groups=87872 changed=74303 rows=128 grad_mean=2.185e-02 error=-
[L-EM2] dynamic arm=applied groups=640 passes=2 accepted_steps=32 accepted_groups=88316 changed=74810 rows=128 grad_mean=2.201e-02 error=-
[L-EM2] dynamic arm=applied groups=640 passes=2 accepted_steps=32 accepted_groups=269390 changed=223101 rows=512 grad_mean=3.170e-02 error=-
[L-EM2] dynamic arm=applied groups=640 passes=2 accepted_steps=32 accepted_groups=265021 changed=219259 rows=512 grad_mean=3.187e-02 error=-
[L-EM2] dynamic arm=applied groups=1024 passes=2 accepted_steps=32 accepted_groups=175541 changed=144082 rows=128 grad_mean=1.564e-03 error=-
[L-EM2] dynamic arm=applied groups=1024 passes=2 accepted_steps=32 accepted_groups=177216 changed=144987 rows=128 grad_mean=1.435e-03 error=-
[L-EM2] dynamic arm=applied groups=640 passes=2 accepted_steps=32 accepted_groups=199098 changed=162470 rows=512 grad_mean=3.735e-02 error=-
[L-EM2] dynamic arm=applied groups=640 passes=2 accepted_steps=32 accepted_groups=187355 changed=153580 rows=512 grad_mean=3.774e-02 error=-
[L-EM2] dynamic arm=applied groups=640 passes=2 accepted_steps=32 accepted_groups=50099 changed=38306 rows=128 grad_mean=2.821e-02 error=-
[L-EM2] dynamic arm=applied groups=640 passes=2 accepted_steps=32 accepted_groups=50099 changed=38476 rows=128 grad_mean=2.806e-02 error=-
[L-EM2] dynamic arm=applied groups=640 passes=2 accepted_steps=32 accepted_groups=76632 changed=65852 rows=128 grad_mean=2.357e-02 error=-
[L-EM2] dynamic arm=applied groups=640 passes=2 accepted_steps=32 accepted_groups=77604 changed=66380 rows=128 grad_mean=2.269e-02 error=-
[L-EM2] dynamic arm=applied groups=640 passes=2 accepted_steps=32 accepted_groups=329803 changed=278467 rows=512 grad_mean=2.141e-02 error=-
[L-EM2] dynamic arm=applied groups=640 passes=2 accepted_steps=32 accepted_groups=323815 changed=273047 rows=512 grad_mean=2.092e-02 error=-
[L-EM2] dynamic arm=applied groups=640 passes=2 accepted_steps=32 accepted_groups=65798 changed=52639 rows=128 grad_mean=3.569e-02 error=-
[L-EM2] dynamic arm=applied groups=640 passes=2 accepted_steps=32 accepted_groups=64296 changed=51648 rows=128 grad_mean=3.423e-02 error=-
[L-EM2] dynamic arm=applied groups=1024 passes=2 accepted_steps=32 accepted_groups=673630 changed=559351 rows=512 grad_mean=2.001e-03 error=-
[L-EM2] dynamic arm=applied groups=1024 passes=2 accepted_steps=32 accepted_groups=677410 changed=562747 rows=512 grad_mean=1.901e-03 error=-
[L-EM2] dynamic arm=applied groups=640 passes=2 accepted_steps=32 accepted_groups=49614 changed=38572 rows=128 grad_mean=4.317e-02 error=-
[L-EM2] dynamic arm=applied groups=640 passes=2 accepted_steps=32 accepted_groups=49533 changed=38608 rows=128 grad_mean=4.165e-02 error=-
[L-EM2] dynamic arm=applied groups=640 passes=2 accepted_steps=32 accepted_groups=194415 changed=149040 rows=512 grad_mean=3.565e-02 error=-
[L-EM2] dynamic arm=applied groups=640 passes=2 accepted_steps=32 accepted_groups=189396 changed=145279 rows=512 grad_mean=3.537e-02 error=-
[L-EM2] dynamic arm=applied groups=640 passes=2 accepted_steps=32 accepted_groups=273074 changed=224407 rows=512 grad_mean=3.555e-02 error=-
[L-EM2] dynamic arm=applied groups=640 passes=2 accepted_steps=32 accepted_groups=264054 changed=216576 rows=512 grad_mean=3.533e-02 error=-
[L-EM2] dynamic arm=applied groups=640 passes=2 accepted_steps=32 accepted_groups=86557 changed=74212 rows=128 grad_mean=1.169e-02 error=-
[L-EM2] dynamic arm=applied groups=640 passes=2 accepted_steps=32 accepted_groups=86063 changed=73932 rows=128 grad_mean=1.173e-02 error=-
[L-EM2] dynamic arm=applied groups=640 passes=2 accepted_steps=32 accepted_groups=23109 changed=21678 rows=512 grad_mean=1.083e-01 error=-
[L-EM2] dynamic arm=applied groups=640 passes=2 accepted_steps=32 accepted_groups=18000 changed=17046 rows=512 grad_mean=1.072e-01 error=-
[L-EM2] dynamic arm=applied groups=1024 passes=2 accepted_steps=32 accepted_groups=149053 changed=119820 rows=128 grad_mean=1.810e-02 error=-
[L-EM2] dynamic arm=applied groups=1024 passes=2 accepted_steps=32 accepted_groups=148701 changed=119460 rows=128 grad_mean=1.607e-02 error=-
[L-EM2] dynamic arm=applied groups=640 passes=2 accepted_steps=32 accepted_groups=11370 changed=10885 rows=512 grad_mean=2.287e-01 error=-
[L-EM2] dynamic arm=applied groups=640 passes=2 accepted_steps=32 accepted_groups=13124 changed=12396 rows=512 grad_mean=2.248e-01 error=-
[L-EM2] dynamic arm=applied groups=640 passes=2 accepted_steps=32 accepted_groups=14147 changed=13128 rows=128 grad_mean=1.155e-01 error=-
[L-EM2] dynamic arm=applied groups=640 passes=2 accepted_steps=32 accepted_groups=14937 changed=13949 rows=128 grad_mean=1.115e-01 error=-
[L-R2] rank2 reachable=1 vtu_cross_max=2.794e-09
[COMBINED-LINEAR-SAMPLE-ENERGY] reachable=1 blocks=40
[L-EM2] compile arm=compiled in=2560 gram_diag_mean=3.696114e-01 h_norm=5.2503e+01
[L-R2] rank2 reachable=1 vtu_cross_max=3.260e-09
[COMBINED-LINEAR-SAMPLE-ENERGY] reachable=1 blocks=40
[L-EM2] compile arm=compiled in=2560 gram_diag_mean=3.829067e-01 h_norm=5.3103e+01
[L-R2] rank2 reachable=1 vtu_cross_max=5.122e-09
[COMBINED-LINEAR-SAMPLE-ENERGY] reachable=1 blocks=40
[L-EM2] compile arm=compiled in=2560 gram_diag_mean=7.415828e-01 h_norm=8.7627e+01
[L-R2] rank2 reachable=1 vtu_cross_max=2.794e-09
[COMBINED-LINEAR-SAMPLE-ENERGY] reachable=1 blocks=64
[L-EM2] compile arm=compiled in=4096 gram_diag_mean=4.772808e-01 h_norm=9.2993e+01
[L-R2] rank2 reachable=1 vtu_cross_max=6.286e-09
[COMBINED-LINEAR-SAMPLE-ENERGY] reachable=1 blocks=40
[L-EM2] compile arm=compiled in=2560 gram_diag_mean=8.705633e-01 h_norm=9.6548e+01
[L-R2] rank2 reachable=1 vtu_cross_max=4.191e-09
[COMBINED-LINEAR-SAMPLE-ENERGY] reachable=1 blocks=40
[L-EM2] compile arm=compiled in=2560 gram_diag_mean=6.237417e-01 h_norm=5.1854e+01
[L-R2] rank2 reachable=1 vtu_cross_max=8.265e-09
[COMBINED-LINEAR-SAMPLE-ENERGY] reachable=1 blocks=144
[L-EM2] compile arm=out-of-scope in=9216 gram_diag_mean=0.000000e+00 h_norm=0.0000e+00
[L-R2] rank2 reachable=1 vtu_cross_max=4.889e-09
[COMBINED-LINEAR-SAMPLE-ENERGY] reachable=1 blocks=40
[L-EM2] compile arm=compiled in=2560 gram_diag_mean=4.179232e-01 h_norm=7.0294e+01
[L-R2] rank2 reachable=1 vtu_cross_max=2.794e-09
[COMBINED-LINEAR-SAMPLE-ENERGY] reachable=1 blocks=40
[L-EM2] compile arm=compiled in=2560 gram_diag_mean=4.660256e-01 h_norm=9.6731e+01
[L-R2] rank2 reachable=1 vtu_cross_max=2.794e-09
[COMBINED-LINEAR-SAMPLE-ENERGY] reachable=1 blocks=40
[L-EM2] compile arm=compiled in=2560 gram_diag_mean=7.613837e-01 h_norm=9.4352e+01
[L-R2] rank2 reachable=1 vtu_cross_max=1.071e-08
[COMBINED-LINEAR-SAMPLE-ENERGY] reachable=1 blocks=64
[L-EM2] compile arm=compiled in=4096 gram_diag_mean=4.301280e-01 h_norm=7.9725e+01
[L-R2] rank2 reachable=1 vtu_cross_max=2.794e-09
[COMBINED-LINEAR-SAMPLE-ENERGY] reachable=1 blocks=40
[L-EM2] compile arm=compiled in=2560 gram_diag_mean=9.807345e-01 h_norm=1.3815e+02
[L-R2] rank2 reachable=1 vtu_cross_max=6.519e-09
[COMBINED-LINEAR-SAMPLE-ENERGY] reachable=1 blocks=40
[L-EM2] compile arm=compiled in=2560 gram_diag_mean=6.636078e-01 h_norm=5.6951e+01
[L-R2] rank2 reachable=1 vtu_cross_max=4.278e-09
[COMBINED-LINEAR-SAMPLE-ENERGY] reachable=1 blocks=144
[L-EM2] compile arm=out-of-scope in=9216 gram_diag_mean=0.000000e+00 h_norm=0.0000e+00
[L-R2] rank2 reachable=1 vtu_cross_max=5.122e-09
[COMBINED-LINEAR-SAMPLE-ENERGY] reachable=1 blocks=40
[L-EM2] compile arm=compiled in=2560 gram_diag_mean=5.367022e-01 h_norm=1.0370e+02
[L-R2] rank2 reachable=1 vtu_cross_max=1.118e-08
[COMBINED-LINEAR-SAMPLE-ENERGY] reachable=1 blocks=40
[L-EM2] compile arm=compiled in=2560 gram_diag_mean=4.672832e-01 h_norm=8.7556e+01
[L-R2] rank2 reachable=1 vtu_cross_max=1.490e-08
[COMBINED-LINEAR-SAMPLE-ENERGY] reachable=1 blocks=40
[L-EM2] compile arm=compiled in=2560 gram_diag_mean=7.307148e-01 h_norm=9.1964e+01
[L-R2] rank2 reachable=1 vtu_cross_max=6.869e-09
[COMBINED-LINEAR-SAMPLE-ENERGY] reachable=1 blocks=64
[L-EM2] compile arm=compiled in=4096 gram_diag_mean=4.123951e-01 h_norm=7.1387e+01
[L-R2] rank2 reachable=1 vtu_cross_max=3.260e-09
[COMBINED-LINEAR-SAMPLE-ENERGY] reachable=1 blocks=40
[L-EM2] compile arm=compiled in=2560 gram_diag_mean=9.858856e-01 h_norm=1.6866e+02
[L-R2] rank2 reachable=1 vtu_cross_max=8.149e-10
[COMBINED-LINEAR-SAMPLE-ENERGY] reachable=1 blocks=40
[L-EM2] compile arm=compiled in=2560 gram_diag_mean=8.062710e-01 h_norm=7.8354e+01
[L-R2] rank2 reachable=1 vtu_cross_max=1.024e-08
[COMBINED-LINEAR-SAMPLE-ENERGY] reachable=1 blocks=144
[L-EM2] compile arm=out-of-scope in=9216 gram_diag_mean=0.000000e+00 h_norm=0.0000e+00
[L-R2] rank2 reachable=1 vtu_cross_max=5.122e-09
[COMBINED-LINEAR-SAMPLE-ENERGY] reachable=1 blocks=40
[L-EM2] compile arm=compiled in=2560 gram_diag_mean=6.015709e-01 h_norm=1.1494e+02
[L-R2] rank2 reachable=1 vtu_cross_max=4.424e-09
[COMBINED-LINEAR-SAMPLE-ENERGY] reachable=1 blocks=40
[L-EM2] compile arm=compiled in=2560 gram_diag_mean=1.452095e-01 h_norm=3.6293e+01
[L-R2] rank2 reachable=1 vtu_cross_max=9.779e-09
[COMBINED-LINEAR-SAMPLE-ENERGY] reachable=1 blocks=40
[L-EM2] compile arm=compiled in=2560 gram_diag_mean=4.481084e-01 h_norm=1.2644e+02
[L-R2] rank2 reachable=1 vtu_cross_max=6.985e-09
[COMBINED-LINEAR-SAMPLE-ENERGY] reachable=1 blocks=64
[L-EM2] compile arm=compiled in=4096 gram_diag_mean=6.989137e-01 h_norm=1.3233e+02
[L-R2] rank2 reachable=1 vtu_cross_max=1.071e-08
[COMBINED-LINEAR-SAMPLE-ENERGY] reachable=1 blocks=40
[L-EM2] compile arm=compiled in=2560 gram_diag_mean=1.745592e+00 h_norm=3.6958e+02
[L-R2] rank2 reachable=1 vtu_cross_max=7.451e-09
[COMBINED-LINEAR-SAMPLE-ENERGY] reachable=1 blocks=40
[L-EM2] compile arm=compiled in=2560 gram_diag_mean=1.121982e+00 h_norm=1.7379e+02
[L-R2] rank2 reachable=1 vtu_cross_max=8.615e-09
[COMBINED-LINEAR-SAMPLE-ENERGY] reachable=1 blocks=144
[L-EM2] compile arm=out-of-scope in=9216 gram_diag_mean=0.000000e+00 h_norm=0.0000e+00
[L-EM2] dynamic arm=applied groups=640 passes=2 accepted_steps=32 accepted_groups=80050 changed=67719 rows=128 grad_mean=1.201e-02 error=-
[L-EM2] dynamic arm=applied groups=640 passes=2 accepted_steps=32 accepted_groups=79659 changed=67302 rows=128 grad_mean=1.149e-02 error=-
[L-EM2] dynamic arm=applied groups=640 passes=2 accepted_steps=32 accepted_groups=314027 changed=265137 rows=512 grad_mean=1.176e-02 error=-
[L-EM2] dynamic arm=applied groups=640 passes=2 accepted_steps=32 accepted_groups=311302 changed=263252 rows=512 grad_mean=1.113e-02 error=-
[L-EM2] dynamic arm=applied groups=640 passes=2 accepted_steps=32 accepted_groups=65266 changed=53722 rows=128 grad_mean=2.366e-02 error=-
[L-EM2] dynamic arm=applied groups=640 passes=2 accepted_steps=32 accepted_groups=65652 changed=54024 rows=128 grad_mean=2.276e-02 error=-
[L-EM2] dynamic arm=applied groups=1024 passes=2 accepted_steps=32 accepted_groups=719163 changed=582891 rows=512 grad_mean=6.154e-04 error=-
[L-EM2] dynamic arm=applied groups=1024 passes=2 accepted_steps=32 accepted_groups=713853 changed=579823 rows=512 grad_mean=6.020e-04 error=-
[L-EM2] dynamic arm=applied groups=640 passes=2 accepted_steps=32 accepted_groups=45365 changed=36610 rows=128 grad_mean=2.351e-02 error=-
[L-EM2] dynamic arm=applied groups=640 passes=2 accepted_steps=32 accepted_groups=44623 changed=35704 rows=128 grad_mean=2.195e-02 error=-
[L-EM2] dynamic arm=applied groups=640 passes=2 accepted_steps=32 accepted_groups=177568 changed=151139 rows=512 grad_mean=1.583e-02 error=-
[L-EM2] dynamic arm=applied groups=640 passes=2 accepted_steps=32 accepted_groups=175882 changed=149821 rows=512 grad_mean=1.514e-02 error=-
[L-EM2] dynamic arm=applied groups=640 passes=2 accepted_steps=32 accepted_groups=337031 changed=287018 rows=512 grad_mean=1.757e-02 error=-
[L-EM2] dynamic arm=applied groups=640 passes=2 accepted_steps=32 accepted_groups=330874 changed=280828 rows=512 grad_mean=1.757e-02 error=-
[L-EM2] dynamic arm=applied groups=640 passes=2 accepted_steps=32 accepted_groups=87872 changed=74303 rows=128 grad_mean=2.185e-02 error=-
[L-EM2] dynamic arm=applied groups=640 passes=2 accepted_steps=32 accepted_groups=88316 changed=74810 rows=128 grad_mean=2.201e-02 error=-
[L-EM2] dynamic arm=applied groups=640 passes=2 accepted_steps=32 accepted_groups=269390 changed=223101 rows=512 grad_mean=3.170e-02 error=-
[L-EM2] dynamic arm=applied groups=640 passes=2 accepted_steps=32 accepted_groups=265021 changed=219259 rows=512 grad_mean=3.187e-02 error=-
[L-EM2] dynamic arm=applied groups=1024 passes=2 accepted_steps=32 accepted_groups=175541 changed=144082 rows=128 grad_mean=1.564e-03 error=-
[L-EM2] dynamic arm=applied groups=1024 passes=2 accepted_steps=32 accepted_groups=177216 changed=144987 rows=128 grad_mean=1.435e-03 error=-
[L-EM2] dynamic arm=applied groups=640 passes=2 accepted_steps=32 accepted_groups=199098 changed=162470 rows=512 grad_mean=3.735e-02 error=-
[L-EM2] dynamic arm=applied groups=640 passes=2 accepted_steps=32 accepted_groups=187355 changed=153580 rows=512 grad_mean=3.774e-02 error=-
[L-EM2] dynamic arm=applied groups=640 passes=2 accepted_steps=32 accepted_groups=50099 changed=38306 rows=128 grad_mean=2.821e-02 error=-
[L-EM2] dynamic arm=applied groups=640 passes=2 accepted_steps=32 accepted_groups=50099 changed=38476 rows=128 grad_mean=2.806e-02 error=-
[L-EM2] dynamic arm=applied groups=640 passes=2 accepted_steps=32 accepted_groups=76632 changed=65852 rows=128 grad_mean=2.357e-02 error=-
[L-EM2] dynamic arm=applied groups=640 passes=2 accepted_steps=32 accepted_groups=77604 changed=66380 rows=128 grad_mean=2.269e-02 error=-
[L-EM2] dynamic arm=applied groups=640 passes=2 accepted_steps=32 accepted_groups=329803 changed=278467 rows=512 grad_mean=2.141e-02 error=-
[L-EM2] dynamic arm=applied groups=640 passes=2 accepted_steps=32 accepted_groups=323815 changed=273047 rows=512 grad_mean=2.092e-02 error=-
[L-EM2] dynamic arm=applied groups=640 passes=2 accepted_steps=32 accepted_groups=65798 changed=52639 rows=128 grad_mean=3.569e-02 error=-
[L-EM2] dynamic arm=applied groups=640 passes=2 accepted_steps=32 accepted_groups=64296 changed=51648 rows=128 grad_mean=3.423e-02 error=-
[L-EM2] dynamic arm=applied groups=1024 passes=2 accepted_steps=32 accepted_groups=673630 changed=559351 rows=512 grad_mean=2.001e-03 error=-
[L-EM2] dynamic arm=applied groups=1024 passes=2 accepted_steps=32 accepted_groups=677410 changed=562747 rows=512 grad_mean=1.901e-03 error=-
[L-EM2] dynamic arm=applied groups=640 passes=2 accepted_steps=32 accepted_groups=49614 changed=38572 rows=128 grad_mean=4.317e-02 error=-
[L-EM2] dynamic arm=applied groups=640 passes=2 accepted_steps=32 accepted_groups=49533 changed=38608 rows=128 grad_mean=4.165e-02 error=-
[L-EM2] dynamic arm=applied groups=640 passes=2 accepted_steps=32 accepted_groups=194415 changed=149040 rows=512 grad_mean=3.565e-02 error=-
[L-EM2] dynamic arm=applied groups=640 passes=2 accepted_steps=32 accepted_groups=189396 changed=145279 rows=512 grad_mean=3.537e-02 error=-
[L-EM2] dynamic arm=applied groups=640 passes=2 accepted_steps=32 accepted_groups=273074 changed=224407 rows=512 grad_mean=3.555e-02 error=-
[L-EM2] dynamic arm=applied groups=640 passes=2 accepted_steps=32 accepted_groups=264054 changed=216576 rows=512 grad_mean=3.533e-02 error=-
[L-EM2] dynamic arm=applied groups=640 passes=2 accepted_steps=32 accepted_groups=86557 changed=74212 rows=128 grad_mean=1.169e-02 error=-
[L-EM2] dynamic arm=applied groups=640 passes=2 accepted_steps=32 accepted_groups=86063 changed=73932 rows=128 grad_mean=1.173e-02 error=-
[L-EM2] dynamic arm=applied groups=640 passes=2 accepted_steps=32 accepted_groups=23109 changed=21678 rows=512 grad_mean=1.083e-01 error=-
[L-EM2] dynamic arm=applied groups=640 passes=2 accepted_steps=32 accepted_groups=18000 changed=17046 rows=512 grad_mean=1.072e-01 error=-
[L-EM2] dynamic arm=applied groups=1024 passes=2 accepted_steps=32 accepted_groups=149053 changed=119820 rows=128 grad_mean=1.810e-02 error=-
[L-EM2] dynamic arm=applied groups=1024 passes=2 accepted_steps=32 accepted_groups=148701 changed=119460 rows=128 grad_mean=1.607e-02 error=-
[L-EM2] dynamic arm=applied groups=640 passes=2 accepted_steps=32 accepted_groups=11370 changed=10885 rows=512 grad_mean=2.287e-01 error=-
[L-EM2] dynamic arm=applied groups=640 passes=2 accepted_steps=32 accepted_groups=13124 changed=12396 rows=512 grad_mean=2.248e-01 error=-
[L-EM2] dynamic arm=applied groups=640 passes=2 accepted_steps=32 accepted_groups=14147 changed=13128 rows=128 grad_mean=1.155e-01 error=-
[L-EM2] dynamic arm=applied groups=640 passes=2 accepted_steps=32 accepted_groups=14937 changed=13949 rows=128 grad_mean=1.115e-01 error=-
[L-EM2] dynamic arm=applied groups=640 passes=2 accepted_steps=32 accepted_groups=270090 changed=225465 rows=512 grad_mean=2.611e-02 error=-
[L-EM2] dynamic arm=applied groups=640 passes=2 accepted_steps=32 accepted_groups=266446 changed=221469 rows=512 grad_mean=2.618e-02 error=-
[L-EM2] dynamic arm=applied groups=640 passes=2 accepted_steps=32 accepted_groups=96852 changed=83172 rows=128 grad_mean=6.766e-03 error=-
[L-EM2] dynamic arm=applied groups=640 passes=2 accepted_steps=32 accepted_groups=98028 changed=84258 rows=128 grad_mean=6.576e-03 error=-
[L-EM2] dynamic arm=applied groups=640 passes=2 accepted_steps=32 accepted_groups=355918 changed=307818 rows=512 grad_mean=6.276e-03 error=-
[L-EM2] dynamic arm=applied groups=640 passes=2 accepted_steps=32 accepted_groups=348652 changed=302182 rows=512 grad_mean=6.297e-03 error=-
[L-EM2] dynamic arm=applied groups=1024 passes=2 accepted_steps=32 accepted_groups=146667 changed=121207 rows=128 grad_mean=2.453e-03 error=-
[L-EM2] dynamic arm=applied groups=1024 passes=2 accepted_steps=32 accepted_groups=145649 changed=120373 rows=128 grad_mean=2.369e-03 error=-
[L-EM2] dynamic arm=applied groups=640 passes=2 accepted_steps=32 accepted_groups=193511 changed=153851 rows=512 grad_mean=3.252e-02 error=-
[L-EM2] dynamic arm=applied groups=640 passes=2 accepted_steps=32 accepted_groups=188807 changed=150039 rows=512 grad_mean=3.266e-02 error=-
[L-EM2] dynamic arm=applied groups=640 passes=2 accepted_steps=32 accepted_groups=47645 changed=40298 rows=128 grad_mean=2.846e-02 error=-
[L-EM2] dynamic arm=applied groups=640 passes=2 accepted_steps=32 accepted_groups=47221 changed=40177 rows=128 grad_mean=2.741e-02 error=-
[L-EM2] dynamic arm=applied groups=640 passes=2 accepted_steps=32 accepted_groups=83339 changed=70519 rows=128 grad_mean=2.329e-02 error=-
[L-EM2] dynamic arm=applied groups=640 passes=2 accepted_steps=32 accepted_groups=83152 changed=70519 rows=128 grad_mean=2.307e-02 error=-
[L-EM2] dynamic arm=applied groups=640 passes=2 accepted_steps=32 accepted_groups=330799 changed=278032 rows=512 grad_mean=2.042e-02 error=-
[L-EM2] dynamic arm=applied groups=640 passes=2 accepted_steps=32 accepted_groups=323709 changed=271938 rows=512 grad_mean=2.055e-02 error=-
[L-EM2] dynamic arm=applied groups=640 passes=2 accepted_steps=32 accepted_groups=66257 changed=54401 rows=128 grad_mean=3.297e-02 error=-
[L-EM2] dynamic arm=applied groups=640 passes=2 accepted_steps=32 accepted_groups=66495 changed=54700 rows=128 grad_mean=3.258e-02 error=-
[L-EM2] dynamic arm=applied groups=1024 passes=2 accepted_steps=32 accepted_groups=686390 changed=562443 rows=512 grad_mean=1.611e-03 error=-
[L-EM2] dynamic arm=applied groups=1024 passes=2 accepted_steps=32 accepted_groups=678870 changed=556138 rows=512 grad_mean=1.431e-03 error=-
[L-EM2] dynamic arm=applied groups=640 passes=2 accepted_steps=32 accepted_groups=48610 changed=36778 rows=128 grad_mean=3.789e-02 error=-
[L-EM2] dynamic arm=applied groups=640 passes=2 accepted_steps=32 accepted_groups=48796 changed=37046 rows=128 grad_mean=3.745e-02 error=-
[L-EM2] dynamic arm=applied groups=640 passes=2 accepted_steps=32 accepted_groups=201913 changed=147054 rows=512 grad_mean=2.768e-02 error=-
[L-EM2] dynamic arm=applied groups=640 passes=2 accepted_steps=32 accepted_groups=196956 changed=143597 rows=512 grad_mean=2.819e-02 error=-
[L-EM2] dynamic arm=applied groups=640 passes=2 accepted_steps=32 accepted_groups=315680 changed=262298 rows=512 grad_mean=3.765e-02 error=-
[L-EM2] dynamic arm=applied groups=640 passes=2 accepted_steps=32 accepted_groups=310160 changed=257881 rows=512 grad_mean=3.758e-02 error=-
[L-EM2] dynamic arm=applied groups=640 passes=2 accepted_steps=32 accepted_groups=82541 changed=68926 rows=128 grad_mean=3.616e-02 error=-
[L-EM2] dynamic arm=applied groups=640 passes=2 accepted_steps=32 accepted_groups=82371 changed=69072 rows=128 grad_mean=3.539e-02 error=-
[L-EM2] dynamic arm=applied groups=640 passes=2 accepted_steps=32 accepted_groups=291885 changed=245107 rows=512 grad_mean=5.362e-02 error=-
[L-EM2] dynamic arm=applied groups=640 passes=2 accepted_steps=32 accepted_groups=282434 changed=236866 rows=512 grad_mean=5.270e-02 error=-
[L-EM2] dynamic arm=applied groups=1024 passes=2 accepted_steps=32 accepted_groups=180256 changed=149877 rows=128 grad_mean=2.170e-03 error=-
[L-EM2] dynamic arm=applied groups=1024 passes=2 accepted_steps=32 accepted_groups=180177 changed=149976 rows=128 grad_mean=2.125e-03 error=-
[L-EM2] dynamic arm=applied groups=640 passes=2 accepted_steps=32 accepted_groups=209418 changed=157351 rows=512 grad_mean=5.940e-02 error=-
[L-EM2] dynamic arm=applied groups=640 passes=2 accepted_steps=32 accepted_groups=197706 changed=148346 rows=512 grad_mean=5.914e-02 error=-
[L-EM2] dynamic arm=applied groups=640 passes=2 accepted_steps=32 accepted_groups=46681 changed=34146 rows=128 grad_mean=3.974e-02 error=-
[L-EM2] dynamic arm=applied groups=640 passes=2 accepted_steps=32 accepted_groups=45634 changed=33405 rows=128 grad_mean=3.902e-02 error=-
[L-EM2] dynamic arm=applied groups=640 passes=2 accepted_steps=32 accepted_groups=48097 changed=43095 rows=128 grad_mean=6.656e-02 error=-
[L-EM2] dynamic arm=applied groups=640 passes=2 accepted_steps=32 accepted_groups=47252 changed=42327 rows=128 grad_mean=6.757e-02 error=-
[L-EM2] dynamic arm=applied groups=640 passes=2 accepted_steps=32 accepted_groups=334424 changed=282927 rows=512 grad_mean=3.576e-02 error=-
[L-EM2] dynamic arm=applied groups=640 passes=2 accepted_steps=32 accepted_groups=323059 changed=272260 rows=512 grad_mean=3.498e-02 error=-
[L-EM2] dynamic arm=applied groups=640 passes=2 accepted_steps=32 accepted_groups=59582 changed=47239 rows=128 grad_mean=6.169e-02 error=-
[L-EM2] dynamic arm=applied groups=640 passes=2 accepted_steps=32 accepted_groups=60200 changed=47801 rows=128 grad_mean=6.235e-02 error=-
[L-EM2] dynamic arm=applied groups=1024 passes=2 accepted_steps=32 accepted_groups=693337 changed=562424 rows=512 grad_mean=6.328e-03 error=-
[L-EM2] dynamic arm=applied groups=1024 passes=2 accepted_steps=32 accepted_groups=700111 changed=567065 rows=512 grad_mean=7.120e-03 error=-
[L-EM2] dynamic arm=applied groups=640 passes=2 accepted_steps=32 accepted_groups=20454 changed=17984 rows=128 grad_mean=1.580e-01 error=-
[L-EM2] dynamic arm=applied groups=640 passes=2 accepted_steps=32 accepted_groups=18218 changed=16157 rows=128 grad_mean=1.708e-01 error=-
[L-EM2] dynamic arm=applied groups=640 passes=2 accepted_steps=32 accepted_groups=155574 changed=116895 rows=512 grad_mean=6.434e-02 error=-
[L-EM2] dynamic arm=applied groups=640 passes=2 accepted_steps=32 accepted_groups=149976 changed=111313 rows=512 grad_mean=6.526e-02 error=-
[L-R2] rank2 reachable=1 vtu_cross_max=2.328e-09
[COMBINED-LINEAR-SAMPLE-ENERGY] reachable=1 blocks=40
[L-EM2] compile arm=compiled in=2560 gram_diag_mean=6.502624e-01 h_norm=1.1947e+02
[L-R2] rank2 reachable=1 vtu_cross_max=9.313e-09
[COMBINED-LINEAR-SAMPLE-ENERGY] reachable=1 blocks=40
[L-EM2] compile arm=compiled in=2560 gram_diag_mean=1.668800e-01 h_norm=3.6024e+01
[L-R2] rank2 reachable=1 vtu_cross_max=4.657e-09
[COMBINED-LINEAR-SAMPLE-ENERGY] reachable=1 blocks=40
[L-EM2] compile arm=compiled in=2560 gram_diag_mean=1.629752e-01 h_norm=2.7167e+01
[L-R2] rank2 reachable=1 vtu_cross_max=5.588e-09
[COMBINED-LINEAR-SAMPLE-ENERGY] reachable=1 blocks=64
[L-EM2] compile arm=compiled in=4096 gram_diag_mean=3.922223e-01 h_norm=7.8215e+01
[L-R2] rank2 reachable=1 vtu_cross_max=4.657e-09
[COMBINED-LINEAR-SAMPLE-ENERGY] reachable=1 blocks=40
[L-EM2] compile arm=compiled in=2560 gram_diag_mean=8.416239e-01 h_norm=1.1876e+02
[L-R2] rank2 reachable=1 vtu_cross_max=6.519e-09
[COMBINED-LINEAR-SAMPLE-ENERGY] reachable=1 blocks=40
[L-EM2] compile arm=compiled in=2560 gram_diag_mean=7.275904e-01 h_norm=6.4967e+01
[L-R2] rank2 reachable=1 vtu_cross_max=7.451e-09
[COMBINED-LINEAR-SAMPLE-ENERGY] reachable=1 blocks=144
[L-EM2] compile arm=out-of-scope in=9216 gram_diag_mean=0.000000e+00 h_norm=0.0000e+00
[L-R2] rank2 reachable=1 vtu_cross_max=3.725e-09
[COMBINED-LINEAR-SAMPLE-ENERGY] reachable=1 blocks=40
[L-EM2] compile arm=compiled in=2560 gram_diag_mean=5.002500e-01 h_norm=9.9319e+01
[L-R2] rank2 reachable=1 vtu_cross_max=4.191e-09
[COMBINED-LINEAR-SAMPLE-ENERGY] reachable=1 blocks=40
[L-EM2] compile arm=compiled in=2560 gram_diag_mean=4.576872e-01 h_norm=8.8605e+01
[L-R2] rank2 reachable=1 vtu_cross_max=2.794e-09
[COMBINED-LINEAR-SAMPLE-ENERGY] reachable=1 blocks=40
[L-EM2] compile arm=compiled in=2560 gram_diag_mean=7.372636e-01 h_norm=1.0093e+02
[L-R2] rank2 reachable=1 vtu_cross_max=8.382e-09
[COMBINED-LINEAR-SAMPLE-ENERGY] reachable=1 blocks=64
[L-EM2] compile arm=compiled in=4096 gram_diag_mean=4.328275e-01 h_norm=7.8778e+01
[L-R2] rank2 reachable=1 vtu_cross_max=1.863e-09
[COMBINED-LINEAR-SAMPLE-ENERGY] reachable=1 blocks=40
[L-EM2] compile arm=compiled in=2560 gram_diag_mean=9.305286e-01 h_norm=1.1837e+02
[L-R2] rank2 reachable=1 vtu_cross_max=6.985e-09
[COMBINED-LINEAR-SAMPLE-ENERGY] reachable=1 blocks=40
[L-EM2] compile arm=compiled in=2560 gram_diag_mean=6.970854e-01 h_norm=6.0953e+01
[L-R2] rank2 reachable=1 vtu_cross_max=5.588e-09
[COMBINED-LINEAR-SAMPLE-ENERGY] reachable=1 blocks=144
[L-EM2] compile arm=out-of-scope in=9216 gram_diag_mean=0.000000e+00 h_norm=0.0000e+00
[L-R2] rank2 reachable=1 vtu_cross_max=4.191e-09
[COMBINED-LINEAR-SAMPLE-ENERGY] reachable=1 blocks=40
[L-EM2] compile arm=compiled in=2560 gram_diag_mean=6.070054e-01 h_norm=1.1974e+02
[L-R2] rank2 reachable=1 vtu_cross_max=7.451e-09
[COMBINED-LINEAR-SAMPLE-ENERGY] reachable=1 blocks=40
[L-EM2] compile arm=compiled in=2560 gram_diag_mean=6.026556e-01 h_norm=1.1397e+02
[L-R2] rank2 reachable=1 vtu_cross_max=4.075e-09
[COMBINED-LINEAR-SAMPLE-ENERGY] reachable=1 blocks=40
[L-EM2] compile arm=compiled in=2560 gram_diag_mean=1.039309e+00 h_norm=1.8467e+02
[L-R2] rank2 reachable=1 vtu_cross_max=7.451e-09
[COMBINED-LINEAR-SAMPLE-ENERGY] reachable=1 blocks=64
[L-EM2] compile arm=compiled in=4096 gram_diag_mean=4.227559e-01 h_norm=6.8335e+01
[L-R2] rank2 reachable=1 vtu_cross_max=6.752e-09
[COMBINED-LINEAR-SAMPLE-ENERGY] reachable=1 blocks=40
[L-EM2] compile arm=compiled in=2560 gram_diag_mean=1.198871e+00 h_norm=1.7353e+02
[L-R2] rank2 reachable=1 vtu_cross_max=9.313e-10
[COMBINED-LINEAR-SAMPLE-ENERGY] reachable=1 blocks=40
[L-EM2] compile arm=compiled in=2560 gram_diag_mean=7.905388e-01 h_norm=7.1298e+01
[L-R2] rank2 reachable=1 vtu_cross_max=4.657e-09
[COMBINED-LINEAR-SAMPLE-ENERGY] reachable=1 blocks=144
[L-EM2] compile arm=out-of-scope in=9216 gram_diag_mean=0.000000e+00 h_norm=0.0000e+00
[L-R2] rank2 reachable=1 vtu_cross_max=9.313e-09
[COMBINED-LINEAR-SAMPLE-ENERGY] reachable=1 blocks=40
[L-EM2] compile arm=compiled in=2560 gram_diag_mean=6.064050e-01 h_norm=1.3901e+02
[L-R2] rank2 reachable=1 vtu_cross_max=2.212e-09
[COMBINED-LINEAR-SAMPLE-ENERGY] reachable=1 blocks=40
[L-EM2] compile arm=compiled in=2560 gram_diag_mean=5.683579e-01 h_norm=1.1958e+02
[L-R2] rank2 reachable=1 vtu_cross_max=3.958e-09
[COMBINED-LINEAR-SAMPLE-ENERGY] reachable=1 blocks=40
[L-EM2] compile arm=compiled in=2560 gram_diag_mean=8.852425e-01 h_norm=1.1980e+02
[L-R2] rank2 reachable=1 vtu_cross_max=2.794e-09
[COMBINED-LINEAR-SAMPLE-ENERGY] reachable=1 blocks=64
[L-EM2] compile arm=compiled in=4096 gram_diag_mean=8.544896e-01 h_norm=9.6459e+01
[L-R2] rank2 reachable=1 vtu_cross_max=2.328e-09
[COMBINED-LINEAR-SAMPLE-ENERGY] reachable=1 blocks=40
[L-EM2] compile arm=compiled in=2560 gram_diag_mean=1.629954e+00 h_norm=2.7909e+02
[L-R2] rank2 reachable=1 vtu_cross_max=7.451e-09
[COMBINED-LINEAR-SAMPLE-ENERGY] reachable=1 blocks=40
[L-EM2] compile arm=compiled in=2560 gram_diag_mean=9.796863e-01 h_norm=1.0650e+02
[L-R2] rank2 reachable=1 vtu_cross_max=6.519e-09
[COMBINED-LINEAR-SAMPLE-ENERGY] reachable=1 blocks=144
[L-EM2] compile arm=out-of-scope in=9216 gram_diag_mean=0.000000e+00 h_norm=0.0000e+00
[L-EM2] dynamic arm=applied groups=640 passes=2 accepted_steps=32 accepted_groups=270090 changed=225465 rows=512 grad_mean=2.611e-02 error=-
[L-EM2] dynamic arm=applied groups=640 passes=2 accepted_steps=32 accepted_groups=266446 changed=221469 rows=512 grad_mean=2.618e-02 error=-
[L-EM2] dynamic arm=applied groups=640 passes=2 accepted_steps=32 accepted_groups=96852 changed=83172 rows=128 grad_mean=6.766e-03 error=-
[L-EM2] dynamic arm=applied groups=640 passes=2 accepted_steps=32 accepted_groups=98028 changed=84258 rows=128 grad_mean=6.576e-03 error=-
[L-EM2] dynamic arm=applied groups=640 passes=2 accepted_steps=32 accepted_groups=355918 changed=307818 rows=512 grad_mean=6.276e-03 error=-
[L-EM2] dynamic arm=applied groups=640 passes=2 accepted_steps=32 accepted_groups=348652 changed=302182 rows=512 grad_mean=6.297e-03 error=-
[L-EM2] dynamic arm=applied groups=1024 passes=2 accepted_steps=32 accepted_groups=146667 changed=121207 rows=128 grad_mean=2.453e-03 error=-
[L-EM2] dynamic arm=applied groups=1024 passes=2 accepted_steps=32 accepted_groups=145649 changed=120373 rows=128 grad_mean=2.369e-03 error=-
[L-EM2] dynamic arm=applied groups=640 passes=2 accepted_steps=32 accepted_groups=193511 changed=153851 rows=512 grad_mean=3.252e-02 error=-
[L-EM2] dynamic arm=applied groups=640 passes=2 accepted_steps=32 accepted_groups=188807 changed=150039 rows=512 grad_mean=3.266e-02 error=-
[L-EM2] dynamic arm=applied groups=640 passes=2 accepted_steps=32 accepted_groups=47645 changed=40298 rows=128 grad_mean=2.846e-02 error=-
[L-EM2] dynamic arm=applied groups=640 passes=2 accepted_steps=32 accepted_groups=47221 changed=40177 rows=128 grad_mean=2.741e-02 error=-
[L-EM2] dynamic arm=applied groups=640 passes=2 accepted_steps=32 accepted_groups=83339 changed=70519 rows=128 grad_mean=2.329e-02 error=-
[L-EM2] dynamic arm=applied groups=640 passes=2 accepted_steps=32 accepted_groups=83152 changed=70519 rows=128 grad_mean=2.307e-02 error=-
[L-EM2] dynamic arm=applied groups=640 passes=2 accepted_steps=32 accepted_groups=330799 changed=278032 rows=512 grad_mean=2.042e-02 error=-
[L-EM2] dynamic arm=applied groups=640 passes=2 accepted_steps=32 accepted_groups=323709 changed=271938 rows=512 grad_mean=2.055e-02 error=-
[L-EM2] dynamic arm=applied groups=640 passes=2 accepted_steps=32 accepted_groups=66257 changed=54401 rows=128 grad_mean=3.297e-02 error=-
[L-EM2] dynamic arm=applied groups=640 passes=2 accepted_steps=32 accepted_groups=66495 changed=54700 rows=128 grad_mean=3.258e-02 error=-
[L-EM2] dynamic arm=applied groups=1024 passes=2 accepted_steps=32 accepted_groups=686390 changed=562443 rows=512 grad_mean=1.611e-03 error=-
[L-EM2] dynamic arm=applied groups=1024 passes=2 accepted_steps=32 accepted_groups=678870 changed=556138 rows=512 grad_mean=1.431e-03 error=-
[L-EM2] dynamic arm=applied groups=640 passes=2 accepted_steps=32 accepted_groups=48610 changed=36778 rows=128 grad_mean=3.789e-02 error=-
[L-EM2] dynamic arm=applied groups=640 passes=2 accepted_steps=32 accepted_groups=48796 changed=37046 rows=128 grad_mean=3.745e-02 error=-
[L-EM2] dynamic arm=applied groups=640 passes=2 accepted_steps=32 accepted_groups=201913 changed=147054 rows=512 grad_mean=2.768e-02 error=-
[L-EM2] dynamic arm=applied groups=640 passes=2 accepted_steps=32 accepted_groups=196956 changed=143597 rows=512 grad_mean=2.819e-02 error=-
[L-EM2] dynamic arm=applied groups=640 passes=2 accepted_steps=32 accepted_groups=315680 changed=262298 rows=512 grad_mean=3.765e-02 error=-
[L-EM2] dynamic arm=applied groups=640 passes=2 accepted_steps=32 accepted_groups=310160 changed=257881 rows=512 grad_mean=3.758e-02 error=-
[L-EM2] dynamic arm=applied groups=640 passes=2 accepted_steps=32 accepted_groups=82541 changed=68926 rows=128 grad_mean=3.616e-02 error=-
[L-EM2] dynamic arm=applied groups=640 passes=2 accepted_steps=32 accepted_groups=82371 changed=69072 rows=128 grad_mean=3.539e-02 error=-
[L-EM2] dynamic arm=applied groups=640 passes=2 accepted_steps=32 accepted_groups=291885 changed=245107 rows=512 grad_mean=5.362e-02 error=-
[L-EM2] dynamic arm=applied groups=640 passes=2 accepted_steps=32 accepted_groups=282434 changed=236866 rows=512 grad_mean=5.270e-02 error=-
[L-EM2] dynamic arm=applied groups=1024 passes=2 accepted_steps=32 accepted_groups=180256 changed=149877 rows=128 grad_mean=2.170e-03 error=-
[L-EM2] dynamic arm=applied groups=1024 passes=2 accepted_steps=32 accepted_groups=180177 changed=149976 rows=128 grad_mean=2.125e-03 error=-
[L-EM2] dynamic arm=applied groups=640 passes=2 accepted_steps=32 accepted_groups=209418 changed=157351 rows=512 grad_mean=5.940e-02 error=-
[L-EM2] dynamic arm=applied groups=640 passes=2 accepted_steps=32 accepted_groups=197706 changed=148346 rows=512 grad_mean=5.914e-02 error=-
[L-EM2] dynamic arm=applied groups=640 passes=2 accepted_steps=32 accepted_groups=46681 changed=34146 rows=128 grad_mean=3.974e-02 error=-
[L-EM2] dynamic arm=applied groups=640 passes=2 accepted_steps=32 accepted_groups=45634 changed=33405 rows=128 grad_mean=3.902e-02 error=-
[L-EM2] dynamic arm=applied groups=640 passes=2 accepted_steps=32 accepted_groups=48097 changed=43095 rows=128 grad_mean=6.656e-02 error=-
[L-EM2] dynamic arm=applied groups=640 passes=2 accepted_steps=32 accepted_groups=47252 changed=42327 rows=128 grad_mean=6.757e-02 error=-
[L-EM2] dynamic arm=applied groups=640 passes=2 accepted_steps=32 accepted_groups=334424 changed=282927 rows=512 grad_mean=3.576e-02 error=-
[L-EM2] dynamic arm=applied groups=640 passes=2 accepted_steps=32 accepted_groups=323059 changed=272260 rows=512 grad_mean=3.498e-02 error=-
[L-EM2] dynamic arm=applied groups=640 passes=2 accepted_steps=32 accepted_groups=59582 changed=47239 rows=128 grad_mean=6.169e-02 error=-
[L-EM2] dynamic arm=applied groups=640 passes=2 accepted_steps=32 accepted_groups=60200 changed=47801 rows=128 grad_mean=6.235e-02 error=-
[L-EM2] dynamic arm=applied groups=1024 passes=2 accepted_steps=32 accepted_groups=693337 changed=562424 rows=512 grad_mean=6.328e-03 error=-
[L-EM2] dynamic arm=applied groups=1024 passes=2 accepted_steps=32 accepted_groups=700111 changed=567065 rows=512 grad_mean=7.120e-03 error=-
[L-EM2] dynamic arm=applied groups=640 passes=2 accepted_steps=32 accepted_groups=20454 changed=17984 rows=128 grad_mean=1.580e-01 error=-
[L-EM2] dynamic arm=applied groups=640 passes=2 accepted_steps=32 accepted_groups=18218 changed=16157 rows=128 grad_mean=1.708e-01 error=-
[L-EM2] dynamic arm=applied groups=640 passes=2 accepted_steps=32 accepted_groups=155574 changed=116895 rows=512 grad_mean=6.434e-02 error=-
[L-EM2] dynamic arm=applied groups=640 passes=2 accepted_steps=32 accepted_groups=149976 changed=111313 rows=512 grad_mean=6.526e-02 error=-
{'protocol': 'eval-v3', 'records': 6, 'reasonableness_issues': 0}
