[L-R2] rank2 reachable=1 vtu_cross_max=2.095e-09
[COMBINED-LINEAR-SAMPLE-ENERGY] reachable=1 blocks=40
[L-EM2] compile arm=compiled in=2560 gram_diag_mean=6.659655e-01 h_norm=9.7824e+01
[L-R2] rank2 reachable=1 vtu_cross_max=7.916e-09
[COMBINED-LINEAR-SAMPLE-ENERGY] reachable=1 blocks=40
[L-EM2] compile arm=compiled in=2560 gram_diag_mean=1.743948e-01 h_norm=3.5061e+01
[L-R2] rank2 reachable=1 vtu_cross_max=3.492e-09
[COMBINED-LINEAR-SAMPLE-ENERGY] reachable=1 blocks=40
[L-EM2] compile arm=compiled in=2560 gram_diag_mean=1.821801e-01 h_norm=2.7701e+01
[L-R2] rank2 reachable=1 vtu_cross_max=4.191e-09
[COMBINED-LINEAR-SAMPLE-ENERGY] reachable=1 blocks=64
[L-EM2] compile arm=compiled in=4096 gram_diag_mean=5.011898e-01 h_norm=1.2444e+02
[L-R2] rank2 reachable=1 vtu_cross_max=3.260e-09
[COMBINED-LINEAR-SAMPLE-ENERGY] reachable=1 blocks=40
[L-EM2] compile arm=compiled in=2560 gram_diag_mean=8.126289e-01 h_norm=8.6916e+01
[L-R2] rank2 reachable=1 vtu_cross_max=1.397e-09
[COMBINED-LINEAR-SAMPLE-ENERGY] reachable=1 blocks=40
[L-EM2] compile arm=compiled in=2560 gram_diag_mean=6.629414e-01 h_norm=5.5557e+01
[L-R2] rank2 reachable=1 vtu_cross_max=4.657e-09
[COMBINED-LINEAR-SAMPLE-ENERGY] reachable=1 blocks=144
[L-EM2] compile arm=out-of-scope in=9216 gram_diag_mean=0.000000e+00 h_norm=0.0000e+00
[L-R2] rank2 reachable=1 vtu_cross_max=1.187e-08
[COMBINED-LINEAR-SAMPLE-ENERGY] reachable=1 blocks=40
[L-EM2] compile arm=compiled in=2560 gram_diag_mean=3.744048e-01 h_norm=5.1989e+01
[L-R2] rank2 reachable=1 vtu_cross_max=9.313e-09
[COMBINED-LINEAR-SAMPLE-ENERGY] reachable=1 blocks=40
[L-EM2] compile arm=compiled in=2560 gram_diag_mean=4.199726e-01 h_norm=5.9894e+01
[L-R2] rank2 reachable=1 vtu_cross_max=5.588e-09
[COMBINED-LINEAR-SAMPLE-ENERGY] reachable=1 blocks=40
[L-EM2] compile arm=compiled in=2560 gram_diag_mean=7.371396e-01 h_norm=8.2160e+01
[L-R2] rank2 reachable=1 vtu_cross_max=3.260e-09
[COMBINED-LINEAR-SAMPLE-ENERGY] reachable=1 blocks=64
[L-EM2] compile arm=compiled in=4096 gram_diag_mean=5.300144e-01 h_norm=1.0969e+02
[L-R2] rank2 reachable=1 vtu_cross_max=6.519e-09
[COMBINED-LINEAR-SAMPLE-ENERGY] reachable=1 blocks=40
[L-EM2] compile arm=compiled in=2560 gram_diag_mean=8.228539e-01 h_norm=9.4308e+01
[L-R2] rank2 reachable=1 vtu_cross_max=2.561e-09
[COMBINED-LINEAR-SAMPLE-ENERGY] reachable=1 blocks=40
[L-EM2] compile arm=compiled in=2560 gram_diag_mean=6.638063e-01 h_norm=5.5372e+01
[L-R2] rank2 reachable=1 vtu_cross_max=7.451e-09
[COMBINED-LINEAR-SAMPLE-ENERGY] reachable=1 blocks=144
[L-EM2] compile arm=out-of-scope in=9216 gram_diag_mean=0.000000e+00 h_norm=0.0000e+00
[L-R2] rank2 reachable=1 vtu_cross_max=6.752e-09
[COMBINED-LINEAR-SAMPLE-ENERGY] reachable=1 blocks=40
[L-EM2] compile arm=compiled in=2560 gram_diag_mean=4.400263e-01 h_norm=8.0176e+01
[L-R2] rank2 reachable=1 vtu_cross_max=5.239e-09
[COMBINED-LINEAR-SAMPLE-ENERGY] reachable=1 blocks=40
[L-EM2] compile arm=compiled in=2560 gram_diag_mean=4.490688e-01 h_norm=8.6941e+01
[L-R2] rank2 reachable=1 vtu_cross_max=3.725e-09
[COMBINED-LINEAR-SAMPLE-ENERGY] reachable=1 blocks=40
[L-EM2] compile arm=compiled in=2560 gram_diag_mean=7.434322e-01 h_norm=2.8744e+01
[L-R2] rank2 reachable=1 vtu_cross_max=3.725e-09
[COMBINED-LINEAR-SAMPLE-ENERGY] reachable=1 blocks=64
[L-EM2] compile arm=compiled in=4096 gram_diag_mean=5.298113e-01 h_norm=1.0171e+02
[L-R2] rank2 reachable=1 vtu_cross_max=6.519e-09
[COMBINED-LINEAR-SAMPLE-ENERGY] reachable=1 blocks=40
[L-EM2] compile arm=compiled in=2560 gram_diag_mean=8.521647e-01 h_norm=1.1127e+02
[L-R2] rank2 reachable=1 vtu_cross_max=3.958e-09
[COMBINED-LINEAR-SAMPLE-ENERGY] reachable=1 blocks=40
[L-EM2] compile arm=compiled in=2560 gram_diag_mean=7.243831e-01 h_norm=6.6697e+01
[L-R2] rank2 reachable=1 vtu_cross_max=5.355e-09
[COMBINED-LINEAR-SAMPLE-ENERGY] reachable=1 blocks=144
[L-EM2] compile arm=out-of-scope in=9216 gram_diag_mean=0.000000e+00 h_norm=0.0000e+00
[L-R2] rank2 reachable=1 vtu_cross_max=1.059e-08
[COMBINED-LINEAR-SAMPLE-ENERGY] reachable=1 blocks=40
[L-EM2] compile arm=compiled in=2560 gram_diag_mean=6.129372e-01 h_norm=1.0544e+02
[L-R2] rank2 reachable=1 vtu_cross_max=3.260e-09
[COMBINED-LINEAR-SAMPLE-ENERGY] reachable=1 blocks=40
[L-EM2] compile arm=compiled in=2560 gram_diag_mean=6.329696e-01 h_norm=1.3518e+02
[L-R2] rank2 reachable=1 vtu_cross_max=4.657e-09
[COMBINED-LINEAR-SAMPLE-ENERGY] reachable=1 blocks=40
[L-EM2] compile arm=compiled in=2560 gram_diag_mean=8.334147e-01 h_norm=9.1018e+01
[L-R2] rank2 reachable=1 vtu_cross_max=5.588e-09
[COMBINED-LINEAR-SAMPLE-ENERGY] reachable=1 blocks=64
[L-EM2] compile arm=compiled in=4096 gram_diag_mean=4.309728e-01 h_norm=7.1346e+01
[L-R2] rank2 reachable=1 vtu_cross_max=4.657e-09
[COMBINED-LINEAR-SAMPLE-ENERGY] reachable=1 blocks=40
[L-EM2] compile arm=compiled in=2560 gram_diag_mean=1.329676e+00 h_norm=2.3185e+02
[L-R2] rank2 reachable=1 vtu_cross_max=4.424e-09
[COMBINED-LINEAR-SAMPLE-ENERGY] reachable=1 blocks=40
[L-EM2] compile arm=compiled in=2560 gram_diag_mean=7.364867e-01 h_norm=6.3493e+01
[L-R2] rank2 reachable=1 vtu_cross_max=6.403e-09
[COMBINED-LINEAR-SAMPLE-ENERGY] reachable=1 blocks=144
[L-EM2] compile arm=out-of-scope in=9216 gram_diag_mean=0.000000e+00 h_norm=0.0000e+00
[L-EM2] dynamic arm=applied groups=640 passes=6 accepted_steps=96 accepted_groups=118809 changed=71785 rows=128 grad_mean=2.808e-02 error=-
[L-EM2] dynamic arm=applied groups=640 passes=6 accepted_steps=96 accepted_groups=119301 changed=71517 rows=128 grad_mean=2.703e-02 error=-
[L-EM2] dynamic arm=applied groups=640 passes=6 accepted_steps=96 accepted_groups=632587 changed=413853 rows=512 grad_mean=5.570e-03 error=-
[L-EM2] dynamic arm=applied groups=640 passes=6 accepted_steps=96 accepted_groups=631628 changed=412988 rows=512 grad_mean=5.322e-03 error=-
[L-EM2] dynamic arm=applied groups=640 passes=6 accepted_steps=96 accepted_groups=137017 changed=92768 rows=128 grad_mean=6.278e-03 error=-
[L-EM2] dynamic arm=applied groups=640 passes=6 accepted_steps=96 accepted_groups=137746 changed=93170 rows=128 grad_mean=6.094e-03 error=-
[L-EM2] dynamic arm=applied groups=1024 passes=6 accepted_steps=96 accepted_groups=1144064 changed=718508 rows=512 grad_mean=8.840e-04 error=-
[L-EM2] dynamic arm=applied groups=1024 passes=6 accepted_steps=96 accepted_groups=1155049 changed=723496 rows=512 grad_mean=9.702e-04 error=-
[L-EM2] dynamic arm=applied groups=640 passes=6 accepted_steps=96 accepted_groups=75685 changed=43866 rows=128 grad_mean=2.346e-02 error=-
[L-EM2] dynamic arm=applied groups=640 passes=6 accepted_steps=96 accepted_groups=74741 changed=43421 rows=128 grad_mean=2.241e-02 error=-
[L-EM2] dynamic arm=applied groups=640 passes=6 accepted_steps=96 accepted_groups=266437 changed=182330 rows=512 grad_mean=1.838e-02 error=-
[L-EM2] dynamic arm=applied groups=640 passes=6 accepted_steps=96 accepted_groups=265612 changed=181016 rows=512 grad_mean=1.772e-02 error=-
[L-EM2] dynamic arm=applied groups=640 passes=6 accepted_steps=96 accepted_groups=584537 changed=363339 rows=512 grad_mean=1.227e-02 error=-
[L-EM2] dynamic arm=applied groups=640 passes=6 accepted_steps=96 accepted_groups=577377 changed=359233 rows=512 grad_mean=1.175e-02 error=-
[L-EM2] dynamic arm=applied groups=640 passes=6 accepted_steps=96 accepted_groups=143909 changed=91227 rows=128 grad_mean=1.443e-02 error=-
[L-EM2] dynamic arm=applied groups=640 passes=6 accepted_steps=96 accepted_groups=143340 changed=91159 rows=128 grad_mean=1.414e-02 error=-
[L-EM2] dynamic arm=applied groups=640 passes=6 accepted_steps=96 accepted_groups=450171 changed=269158 rows=512 grad_mean=2.641e-02 error=-
[L-EM2] dynamic arm=applied groups=640 passes=6 accepted_steps=96 accepted_groups=445367 changed=266249 rows=512 grad_mean=2.538e-02 error=-
[L-EM2] dynamic arm=applied groups=1024 passes=6 accepted_steps=96 accepted_groups=416652 changed=225963 rows=128 grad_mean=8.480e-04 error=-
[L-EM2] dynamic arm=applied groups=1024 passes=6 accepted_steps=96 accepted_groups=413525 changed=224932 rows=128 grad_mean=8.075e-04 error=-
[L-EM2] dynamic arm=applied groups=640 passes=6 accepted_steps=96 accepted_groups=341944 changed=184493 rows=512 grad_mean=2.544e-02 error=-
[L-EM2] dynamic arm=applied groups=640 passes=6 accepted_steps=96 accepted_groups=335884 changed=180703 rows=512 grad_mean=2.466e-02 error=-
[L-EM2] dynamic arm=applied groups=640 passes=6 accepted_steps=96 accepted_groups=74531 changed=43195 rows=128 grad_mean=2.336e-02 error=-
[L-EM2] dynamic arm=applied groups=640 passes=6 accepted_steps=96 accepted_groups=74233 changed=43021 rows=128 grad_mean=2.284e-02 error=-
[L-EM2] dynamic arm=applied groups=640 passes=6 accepted_steps=96 accepted_groups=143625 changed=87289 rows=128 grad_mean=1.668e-02 error=-
[L-EM2] dynamic arm=applied groups=640 passes=6 accepted_steps=96 accepted_groups=143998 changed=87164 rows=128 grad_mean=1.630e-02 error=-
[L-EM2] dynamic arm=applied groups=640 passes=6 accepted_steps=96 accepted_groups=614982 changed=370782 rows=512 grad_mean=1.558e-02 error=-
[L-EM2] dynamic arm=applied groups=640 passes=6 accepted_steps=96 accepted_groups=601372 changed=362695 rows=512 grad_mean=1.540e-02 error=-
[L-EM2] dynamic arm=applied groups=640 passes=6 accepted_steps=96 accepted_groups=109212 changed=72117 rows=128 grad_mean=2.673e-02 error=-
[L-EM2] dynamic arm=applied groups=640 passes=6 accepted_steps=96 accepted_groups=109810 changed=72458 rows=128 grad_mean=2.625e-02 error=-
[L-EM2] dynamic arm=applied groups=1024 passes=6 accepted_steps=96 accepted_groups=1331672 changed=761877 rows=512 grad_mean=1.751e-03 error=-
[L-EM2] dynamic arm=applied groups=1024 passes=6 accepted_steps=96 accepted_groups=1304491 changed=748178 rows=512 grad_mean=1.488e-03 error=-
[L-EM2] dynamic arm=applied groups=640 passes=6 accepted_steps=96 accepted_groups=82585 changed=46984 rows=128 grad_mean=3.060e-02 error=-
[L-EM2] dynamic arm=applied groups=640 passes=6 accepted_steps=96 accepted_groups=83563 changed=47375 rows=128 grad_mean=3.001e-02 error=-
[L-EM2] dynamic arm=applied groups=640 passes=6 accepted_steps=96 accepted_groups=325625 changed=185635 rows=512 grad_mean=2.629e-02 error=-
[L-EM2] dynamic arm=applied groups=640 passes=6 accepted_steps=96 accepted_groups=317831 changed=181395 rows=512 grad_mean=2.642e-02 error=-
[L-EM2] dynamic arm=applied groups=640 passes=6 accepted_steps=96 accepted_groups=590664 changed=354319 rows=512 grad_mean=3.218e-02 error=-
[L-EM2] dynamic arm=applied groups=640 passes=6 accepted_steps=96 accepted_groups=571481 changed=342794 rows=512 grad_mean=3.233e-02 error=-
[L-EM2] dynamic arm=applied groups=640 passes=6 accepted_steps=96 accepted_groups=145120 changed=89799 rows=128 grad_mean=3.563e-02 error=-
[L-EM2] dynamic arm=applied groups=640 passes=6 accepted_steps=96 accepted_groups=143353 changed=88554 rows=128 grad_mean=3.451e-02 error=-
[L-EM2] dynamic arm=applied groups=640 passes=6 accepted_steps=96 accepted_groups=431995 changed=283431 rows=512 grad_mean=4.156e-02 error=-
[L-EM2] dynamic arm=applied groups=640 passes=6 accepted_steps=96 accepted_groups=422474 changed=277054 rows=512 grad_mean=4.130e-02 error=-
[L-EM2] dynamic arm=applied groups=1024 passes=6 accepted_steps=96 accepted_groups=378671 changed=210070 rows=128 grad_mean=1.714e-03 error=-
[L-EM2] dynamic arm=applied groups=1024 passes=6 accepted_steps=96 accepted_groups=382236 changed=211294 rows=128 grad_mean=1.611e-03 error=-
[L-EM2] dynamic arm=applied groups=640 passes=6 accepted_steps=96 accepted_groups=349795 changed=193928 rows=512 grad_mean=6.396e-02 error=-
[L-EM2] dynamic arm=applied groups=640 passes=6 accepted_steps=96 accepted_groups=338233 changed=187485 rows=512 grad_mean=6.309e-02 error=-
[L-EM2] dynamic arm=applied groups=640 passes=6 accepted_steps=96 accepted_groups=71970 changed=48557 rows=128 grad_mean=3.521e-02 error=-
[L-EM2] dynamic arm=applied groups=640 passes=6 accepted_steps=96 accepted_groups=71778 changed=48731 rows=128 grad_mean=3.458e-02 error=-
[L-R2] rank2 reachable=1 vtu_cross_max=2.095e-09
[COMBINED-LINEAR-SAMPLE-ENERGY] reachable=1 blocks=40
[L-EM2] compile arm=compiled in=2560 gram_diag_mean=6.659655e-01 h_norm=9.7824e+01
[L-R2] rank2 reachable=1 vtu_cross_max=7.916e-09
[COMBINED-LINEAR-SAMPLE-ENERGY] reachable=1 blocks=40
[L-EM2] compile arm=compiled in=2560 gram_diag_mean=1.743948e-01 h_norm=3.5061e+01
[L-R2] rank2 reachable=1 vtu_cross_max=3.492e-09
[COMBINED-LINEAR-SAMPLE-ENERGY] reachable=1 blocks=40
[L-EM2] compile arm=compiled in=2560 gram_diag_mean=1.821801e-01 h_norm=2.7701e+01
[L-R2] rank2 reachable=1 vtu_cross_max=4.191e-09
[COMBINED-LINEAR-SAMPLE-ENERGY] reachable=1 blocks=64
[L-EM2] compile arm=compiled in=4096 gram_diag_mean=5.011898e-01 h_norm=1.2444e+02
[L-R2] rank2 reachable=1 vtu_cross_max=3.260e-09
[COMBINED-LINEAR-SAMPLE-ENERGY] reachable=1 blocks=40
[L-EM2] compile arm=compiled in=2560 gram_diag_mean=8.126289e-01 h_norm=8.6916e+01
[L-R2] rank2 reachable=1 vtu_cross_max=1.397e-09
[COMBINED-LINEAR-SAMPLE-ENERGY] reachable=1 blocks=40
[L-EM2] compile arm=compiled in=2560 gram_diag_mean=6.629414e-01 h_norm=5.5557e+01
[L-R2] rank2 reachable=1 vtu_cross_max=4.657e-09
[COMBINED-LINEAR-SAMPLE-ENERGY] reachable=1 blocks=144
[L-EM2] compile arm=out-of-scope in=9216 gram_diag_mean=0.000000e+00 h_norm=0.0000e+00
[L-R2] rank2 reachable=1 vtu_cross_max=1.187e-08
[COMBINED-LINEAR-SAMPLE-ENERGY] reachable=1 blocks=40
[L-EM2] compile arm=compiled in=2560 gram_diag_mean=3.744048e-01 h_norm=5.1989e+01
[L-R2] rank2 reachable=1 vtu_cross_max=9.313e-09
[COMBINED-LINEAR-SAMPLE-ENERGY] reachable=1 blocks=40
[L-EM2] compile arm=compiled in=2560 gram_diag_mean=4.199726e-01 h_norm=5.9894e+01
[L-R2] rank2 reachable=1 vtu_cross_max=5.588e-09
[COMBINED-LINEAR-SAMPLE-ENERGY] reachable=1 blocks=40
[L-EM2] compile arm=compiled in=2560 gram_diag_mean=7.371396e-01 h_norm=8.2160e+01
[L-R2] rank2 reachable=1 vtu_cross_max=3.260e-09
[COMBINED-LINEAR-SAMPLE-ENERGY] reachable=1 blocks=64
[L-EM2] compile arm=compiled in=4096 gram_diag_mean=5.300144e-01 h_norm=1.0969e+02
[L-R2] rank2 reachable=1 vtu_cross_max=6.519e-09
[COMBINED-LINEAR-SAMPLE-ENERGY] reachable=1 blocks=40
[L-EM2] compile arm=compiled in=2560 gram_diag_mean=8.228539e-01 h_norm=9.4308e+01
[L-R2] rank2 reachable=1 vtu_cross_max=2.561e-09
[COMBINED-LINEAR-SAMPLE-ENERGY] reachable=1 blocks=40
[L-EM2] compile arm=compiled in=2560 gram_diag_mean=6.638063e-01 h_norm=5.5372e+01
[L-R2] rank2 reachable=1 vtu_cross_max=7.451e-09
[COMBINED-LINEAR-SAMPLE-ENERGY] reachable=1 blocks=144
[L-EM2] compile arm=out-of-scope in=9216 gram_diag_mean=0.000000e+00 h_norm=0.0000e+00
[L-R2] rank2 reachable=1 vtu_cross_max=6.752e-09
[COMBINED-LINEAR-SAMPLE-ENERGY] reachable=1 blocks=40
[L-EM2] compile arm=compiled in=2560 gram_diag_mean=4.400263e-01 h_norm=8.0176e+01
[L-R2] rank2 reachable=1 vtu_cross_max=5.239e-09
[COMBINED-LINEAR-SAMPLE-ENERGY] reachable=1 blocks=40
[L-EM2] compile arm=compiled in=2560 gram_diag_mean=4.490688e-01 h_norm=8.6941e+01
[L-R2] rank2 reachable=1 vtu_cross_max=3.725e-09
[COMBINED-LINEAR-SAMPLE-ENERGY] reachable=1 blocks=40
[L-EM2] compile arm=compiled in=2560 gram_diag_mean=7.434322e-01 h_norm=2.8744e+01
[L-R2] rank2 reachable=1 vtu_cross_max=3.725e-09
[COMBINED-LINEAR-SAMPLE-ENERGY] reachable=1 blocks=64
[L-EM2] compile arm=compiled in=4096 gram_diag_mean=5.298113e-01 h_norm=1.0171e+02
[L-R2] rank2 reachable=1 vtu_cross_max=6.519e-09
[COMBINED-LINEAR-SAMPLE-ENERGY] reachable=1 blocks=40
[L-EM2] compile arm=compiled in=2560 gram_diag_mean=8.521647e-01 h_norm=1.1127e+02
[L-R2] rank2 reachable=1 vtu_cross_max=3.958e-09
[COMBINED-LINEAR-SAMPLE-ENERGY] reachable=1 blocks=40
[L-EM2] compile arm=compiled in=2560 gram_diag_mean=7.243831e-01 h_norm=6.6697e+01
[L-R2] rank2 reachable=1 vtu_cross_max=5.355e-09
[COMBINED-LINEAR-SAMPLE-ENERGY] reachable=1 blocks=144
[L-EM2] compile arm=out-of-scope in=9216 gram_diag_mean=0.000000e+00 h_norm=0.0000e+00
[L-R2] rank2 reachable=1 vtu_cross_max=1.059e-08
[COMBINED-LINEAR-SAMPLE-ENERGY] reachable=1 blocks=40
[L-EM2] compile arm=compiled in=2560 gram_diag_mean=6.129372e-01 h_norm=1.0544e+02
[L-R2] rank2 reachable=1 vtu_cross_max=3.260e-09
[COMBINED-LINEAR-SAMPLE-ENERGY] reachable=1 blocks=40
[L-EM2] compile arm=compiled in=2560 gram_diag_mean=6.329696e-01 h_norm=1.3518e+02
[L-R2] rank2 reachable=1 vtu_cross_max=4.657e-09
[COMBINED-LINEAR-SAMPLE-ENERGY] reachable=1 blocks=40
[L-EM2] compile arm=compiled in=2560 gram_diag_mean=8.334147e-01 h_norm=9.1018e+01
[L-R2] rank2 reachable=1 vtu_cross_max=5.588e-09
[COMBINED-LINEAR-SAMPLE-ENERGY] reachable=1 blocks=64
[L-EM2] compile arm=compiled in=4096 gram_diag_mean=4.309728e-01 h_norm=7.1346e+01
[L-R2] rank2 reachable=1 vtu_cross_max=4.657e-09
[COMBINED-LINEAR-SAMPLE-ENERGY] reachable=1 blocks=40
[L-EM2] compile arm=compiled in=2560 gram_diag_mean=1.329676e+00 h_norm=2.3185e+02
[L-R2] rank2 reachable=1 vtu_cross_max=4.424e-09
[COMBINED-LINEAR-SAMPLE-ENERGY] reachable=1 blocks=40
[L-EM2] compile arm=compiled in=2560 gram_diag_mean=7.364867e-01 h_norm=6.3493e+01
[L-R2] rank2 reachable=1 vtu_cross_max=6.403e-09
[COMBINED-LINEAR-SAMPLE-ENERGY] reachable=1 blocks=144
[L-EM2] compile arm=out-of-scope in=9216 gram_diag_mean=0.000000e+00 h_norm=0.0000e+00
[L-EM2] dynamic arm=applied groups=640 passes=6 accepted_steps=96 accepted_groups=108596 changed=71250 rows=128 grad_mean=2.709e-02 error=-
[L-EM2] dynamic arm=applied groups=640 passes=6 accepted_steps=96 accepted_groups=108247 changed=71313 rows=128 grad_mean=2.612e-02 error=-
[L-EM2] dynamic arm=applied groups=640 passes=6 accepted_steps=96 accepted_groups=586990 changed=401342 rows=512 grad_mean=5.278e-03 error=-
[L-EM2] dynamic arm=applied groups=640 passes=6 accepted_steps=96 accepted_groups=586465 changed=400719 rows=512 grad_mean=5.010e-03 error=-
[L-EM2] dynamic arm=applied groups=640 passes=6 accepted_steps=96 accepted_groups=128257 changed=90521 rows=128 grad_mean=6.096e-03 error=-
[L-EM2] dynamic arm=applied groups=640 passes=6 accepted_steps=96 accepted_groups=128495 changed=90683 rows=128 grad_mean=5.873e-03 error=-
[L-EM2] dynamic arm=applied groups=1024 passes=6 accepted_steps=96 accepted_groups=1347082 changed=836951 rows=512 grad_mean=6.922e-04 error=-
[L-EM2] dynamic arm=applied groups=1024 passes=6 accepted_steps=96 accepted_groups=1367907 changed=845515 rows=512 grad_mean=7.516e-04 error=-
[L-EM2] dynamic arm=applied groups=640 passes=6 accepted_steps=96 accepted_groups=71336 changed=46686 rows=128 grad_mean=2.268e-02 error=-
[L-EM2] dynamic arm=applied groups=640 passes=6 accepted_steps=96 accepted_groups=70504 changed=45861 rows=128 grad_mean=2.160e-02 error=-
[L-EM2] dynamic arm=applied groups=640 passes=6 accepted_steps=96 accepted_groups=265081 changed=182829 rows=512 grad_mean=1.836e-02 error=-
[L-EM2] dynamic arm=applied groups=640 passes=6 accepted_steps=96 accepted_groups=264129 changed=181530 rows=512 grad_mean=1.771e-02 error=-
[L-EM2] dynamic arm=applied groups=640 passes=6 accepted_steps=96 accepted_groups=525819 changed=355921 rows=512 grad_mean=1.160e-02 error=-
[L-EM2] dynamic arm=applied groups=640 passes=6 accepted_steps=96 accepted_groups=518675 changed=351756 rows=512 grad_mean=1.114e-02 error=-
[L-EM2] dynamic arm=applied groups=640 passes=6 accepted_steps=96 accepted_groups=133464 changed=90351 rows=128 grad_mean=1.396e-02 error=-
[L-EM2] dynamic arm=applied groups=640 passes=6 accepted_steps=96 accepted_groups=132415 changed=89619 rows=128 grad_mean=1.372e-02 error=-
[L-EM2] dynamic arm=applied groups=640 passes=6 accepted_steps=96 accepted_groups=398682 changed=270340 rows=512 grad_mean=2.534e-02 error=-
[L-EM2] dynamic arm=applied groups=640 passes=6 accepted_steps=96 accepted_groups=394940 changed=267542 rows=512 grad_mean=2.435e-02 error=-
[L-EM2] dynamic arm=applied groups=1024 passes=6 accepted_steps=96 accepted_groups=448908 changed=242972 rows=128 grad_mean=5.606e-04 error=-
[L-EM2] dynamic arm=applied groups=1024 passes=6 accepted_steps=96 accepted_groups=446769 changed=242751 rows=128 grad_mean=5.324e-04 error=-
[L-EM2] dynamic arm=applied groups=640 passes=6 accepted_steps=96 accepted_groups=282343 changed=186064 rows=512 grad_mean=2.422e-02 error=-
[L-EM2] dynamic arm=applied groups=640 passes=6 accepted_steps=96 accepted_groups=278363 changed=183355 rows=512 grad_mean=2.346e-02 error=-
[L-EM2] dynamic arm=applied groups=640 passes=6 accepted_steps=96 accepted_groups=65442 changed=45768 rows=128 grad_mean=2.274e-02 error=-
[L-EM2] dynamic arm=applied groups=640 passes=6 accepted_steps=96 accepted_groups=65279 changed=45690 rows=128 grad_mean=2.225e-02 error=-
[L-EM2] dynamic arm=applied groups=640 passes=6 accepted_steps=96 accepted_groups=139213 changed=92049 rows=128 grad_mean=1.377e-02 error=-
[L-EM2] dynamic arm=applied groups=640 passes=6 accepted_steps=96 accepted_groups=138716 changed=92251 rows=128 grad_mean=1.352e-02 error=-
[L-EM2] dynamic arm=applied groups=640 passes=6 accepted_steps=96 accepted_groups=590071 changed=388400 rows=512 grad_mean=1.296e-02 error=-
[L-EM2] dynamic arm=applied groups=640 passes=6 accepted_steps=96 accepted_groups=573870 changed=379277 rows=512 grad_mean=1.290e-02 error=-
[L-EM2] dynamic arm=applied groups=640 passes=6 accepted_steps=96 accepted_groups=108332 changed=72270 rows=128 grad_mean=2.653e-02 error=-
[L-EM2] dynamic arm=applied groups=640 passes=6 accepted_steps=96 accepted_groups=109715 changed=73494 rows=128 grad_mean=2.605e-02 error=-
[L-EM2] dynamic arm=applied groups=1024 passes=6 accepted_steps=96 accepted_groups=1292750 changed=796265 rows=512 grad_mean=1.121e-03 error=-
[L-EM2] dynamic arm=applied groups=1024 passes=6 accepted_steps=96 accepted_groups=1233441 changed=768589 rows=512 grad_mean=9.506e-04 error=-
[L-EM2] dynamic arm=applied groups=640 passes=6 accepted_steps=96 accepted_groups=77185 changed=51385 rows=128 grad_mean=2.902e-02 error=-
[L-EM2] dynamic arm=applied groups=640 passes=6 accepted_steps=96 accepted_groups=77373 changed=51373 rows=128 grad_mean=2.845e-02 error=-
[L-EM2] dynamic arm=applied groups=640 passes=6 accepted_steps=96 accepted_groups=283876 changed=194526 rows=512 grad_mean=2.545e-02 error=-
[L-EM2] dynamic arm=applied groups=640 passes=6 accepted_steps=96 accepted_groups=277890 changed=190476 rows=512 grad_mean=2.555e-02 error=-
[L-EM2] dynamic arm=applied groups=640 passes=6 accepted_steps=96 accepted_groups=529937 changed=357940 rows=512 grad_mean=2.401e-02 error=-
[L-EM2] dynamic arm=applied groups=640 passes=6 accepted_steps=96 accepted_groups=523086 changed=353128 rows=512 grad_mean=2.402e-02 error=-
[L-EM2] dynamic arm=applied groups=640 passes=6 accepted_steps=96 accepted_groups=143415 changed=95111 rows=128 grad_mean=2.495e-02 error=-
[L-EM2] dynamic arm=applied groups=640 passes=6 accepted_steps=96 accepted_groups=142592 changed=94748 rows=128 grad_mean=2.473e-02 error=-
[L-EM2] dynamic arm=applied groups=640 passes=6 accepted_steps=96 accepted_groups=449507 changed=302295 rows=512 grad_mean=3.997e-02 error=-
[L-EM2] dynamic arm=applied groups=640 passes=6 accepted_steps=96 accepted_groups=438274 changed=294513 rows=512 grad_mean=3.980e-02 error=-
[L-EM2] dynamic arm=applied groups=1024 passes=6 accepted_steps=96 accepted_groups=337382 changed=209766 rows=128 grad_mean=1.254e-03 error=-
[L-EM2] dynamic arm=applied groups=1024 passes=6 accepted_steps=96 accepted_groups=341989 changed=211796 rows=128 grad_mean=1.193e-03 error=-
[L-EM2] dynamic arm=applied groups=640 passes=6 accepted_steps=96 accepted_groups=330575 changed=216195 rows=512 grad_mean=5.487e-02 error=-
[L-EM2] dynamic arm=applied groups=640 passes=6 accepted_steps=96 accepted_groups=321131 changed=209938 rows=512 grad_mean=5.454e-02 error=-
[L-EM2] dynamic arm=applied groups=640 passes=6 accepted_steps=96 accepted_groups=71079 changed=48496 rows=128 grad_mean=3.529e-02 error=-
[L-EM2] dynamic arm=applied groups=640 passes=6 accepted_steps=96 accepted_groups=71021 changed=48719 rows=128 grad_mean=3.456e-02 error=-
[L-R2] rank2 reachable=1 vtu_cross_max=5.588e-09
[COMBINED-LINEAR-SAMPLE-ENERGY] reachable=1 blocks=40
[L-EM2] compile arm=compiled in=2560 gram_diag_mean=6.626585e-01 h_norm=1.0747e+02
[L-R2] rank2 reachable=1 vtu_cross_max=9.313e-10
[COMBINED-LINEAR-SAMPLE-ENERGY] reachable=1 blocks=40
[L-EM2] compile arm=compiled in=2560 gram_diag_mean=1.702063e-01 h_norm=3.1990e+01
[L-R2] rank2 reachable=1 vtu_cross_max=9.779e-09
[COMBINED-LINEAR-SAMPLE-ENERGY] reachable=1 blocks=40
[L-EM2] compile arm=compiled in=2560 gram_diag_mean=1.637652e-01 h_norm=2.4858e+01
[L-R2] rank2 reachable=1 vtu_cross_max=8.033e-09
[COMBINED-LINEAR-SAMPLE-ENERGY] reachable=1 blocks=64
[L-EM2] compile arm=compiled in=4096 gram_diag_mean=5.088800e-01 h_norm=1.0572e+02
[L-R2] rank2 reachable=1 vtu_cross_max=6.519e-09
[COMBINED-LINEAR-SAMPLE-ENERGY] reachable=1 blocks=40
[L-EM2] compile arm=compiled in=2560 gram_diag_mean=1.027571e+00 h_norm=1.5703e+02
[L-R2] rank2 reachable=1 vtu_cross_max=4.657e-09
[COMBINED-LINEAR-SAMPLE-ENERGY] reachable=1 blocks=40
[L-EM2] compile arm=compiled in=2560 gram_diag_mean=6.348262e-01 h_norm=5.3738e+01
[L-R2] rank2 reachable=1 vtu_cross_max=3.027e-09
[COMBINED-LINEAR-SAMPLE-ENERGY] reachable=1 blocks=144
[L-EM2] compile arm=out-of-scope in=9216 gram_diag_mean=0.000000e+00 h_norm=0.0000e+00
[L-R2] rank2 reachable=1 vtu_cross_max=2.794e-09
[COMBINED-LINEAR-SAMPLE-ENERGY] reachable=1 blocks=40
[L-EM2] compile arm=compiled in=2560 gram_diag_mean=4.281827e-01 h_norm=6.6711e+01
[L-R2] rank2 reachable=1 vtu_cross_max=4.424e-09
[COMBINED-LINEAR-SAMPLE-ENERGY] reachable=1 blocks=40
[L-EM2] compile arm=compiled in=2560 gram_diag_mean=3.882199e-01 h_norm=5.9432e+01
[L-R2] rank2 reachable=1 vtu_cross_max=3.725e-09
[COMBINED-LINEAR-SAMPLE-ENERGY] reachable=1 blocks=40
[L-EM2] compile arm=compiled in=2560 gram_diag_mean=7.263753e-01 h_norm=2.2027e+01
[L-R2] rank2 reachable=1 vtu_cross_max=5.588e-09
[COMBINED-LINEAR-SAMPLE-ENERGY] reachable=1 blocks=64
[L-EM2] compile arm=compiled in=4096 gram_diag_mean=4.746353e-01 h_norm=8.5694e+01
[L-R2] rank2 reachable=1 vtu_cross_max=3.492e-09
[COMBINED-LINEAR-SAMPLE-ENERGY] reachable=1 blocks=40
[L-EM2] compile arm=compiled in=2560 gram_diag_mean=8.939406e-01 h_norm=1.2006e+02
[L-R2] rank2 reachable=1 vtu_cross_max=5.588e-09
[COMBINED-LINEAR-SAMPLE-ENERGY] reachable=1 blocks=40
[L-EM2] compile arm=compiled in=2560 gram_diag_mean=6.488587e-01 h_norm=8.5976e+00
[L-R2] rank2 reachable=1 vtu_cross_max=4.657e-09
[COMBINED-LINEAR-SAMPLE-ENERGY] reachable=1 blocks=144
[L-EM2] compile arm=out-of-scope in=9216 gram_diag_mean=0.000000e+00 h_norm=0.0000e+00
[L-R2] rank2 reachable=1 vtu_cross_max=2.328e-09
[COMBINED-LINEAR-SAMPLE-ENERGY] reachable=1 blocks=40
[L-EM2] compile arm=compiled in=2560 gram_diag_mean=4.558631e-01 h_norm=8.4345e+01
[L-R2] rank2 reachable=1 vtu_cross_max=8.382e-09
[COMBINED-LINEAR-SAMPLE-ENERGY] reachable=1 blocks=40
[L-EM2] compile arm=compiled in=2560 gram_diag_mean=4.479988e-01 h_norm=9.7371e+01
[L-R2] rank2 reachable=1 vtu_cross_max=6.054e-09
[COMBINED-LINEAR-SAMPLE-ENERGY] reachable=1 blocks=40
[L-EM2] compile arm=compiled in=2560 gram_diag_mean=6.911080e-01 h_norm=9.1293e+01
[L-R2] rank2 reachable=1 vtu_cross_max=3.492e-09
[COMBINED-LINEAR-SAMPLE-ENERGY] reachable=1 blocks=64
[L-EM2] compile arm=compiled in=4096 gram_diag_mean=4.099765e-01 h_norm=8.4165e+01
[L-R2] rank2 reachable=1 vtu_cross_max=2.561e-09
[COMBINED-LINEAR-SAMPLE-ENERGY] reachable=1 blocks=40
[L-EM2] compile arm=compiled in=2560 gram_diag_mean=8.293039e-01 h_norm=1.2340e+02
[L-R2] rank2 reachable=1 vtu_cross_max=2.794e-09
[COMBINED-LINEAR-SAMPLE-ENERGY] reachable=1 blocks=40
[L-EM2] compile arm=compiled in=2560 gram_diag_mean=7.323298e-01 h_norm=1.8501e+01
[L-R2] rank2 reachable=1 vtu_cross_max=7.683e-09
[COMBINED-LINEAR-SAMPLE-ENERGY] reachable=1 blocks=144
[L-EM2] compile arm=out-of-scope in=9216 gram_diag_mean=0.000000e+00 h_norm=0.0000e+00
[L-R2] rank2 reachable=1 vtu_cross_max=4.657e-09
[COMBINED-LINEAR-SAMPLE-ENERGY] reachable=1 blocks=40
[L-EM2] compile arm=compiled in=2560 gram_diag_mean=5.403739e-01 h_norm=9.6047e+01
[L-R2] rank2 reachable=1 vtu_cross_max=3.725e-09
[COMBINED-LINEAR-SAMPLE-ENERGY] reachable=1 blocks=40
[L-EM2] compile arm=compiled in=2560 gram_diag_mean=5.417235e-01 h_norm=1.0450e+02
[L-R2] rank2 reachable=1 vtu_cross_max=4.657e-09
[COMBINED-LINEAR-SAMPLE-ENERGY] reachable=1 blocks=40
[L-EM2] compile arm=compiled in=2560 gram_diag_mean=8.908318e-01 h_norm=1.1789e+02
[L-R2] rank2 reachable=1 vtu_cross_max=5.588e-09
[COMBINED-LINEAR-SAMPLE-ENERGY] reachable=1 blocks=64
[L-EM2] compile arm=compiled in=4096 gram_diag_mean=6.768022e-01 h_norm=1.1787e+02
[L-R2] rank2 reachable=1 vtu_cross_max=5.239e-09
[COMBINED-LINEAR-SAMPLE-ENERGY] reachable=1 blocks=40
[L-EM2] compile arm=compiled in=2560 gram_diag_mean=1.525857e+00 h_norm=2.9227e+02
[L-R2] rank2 reachable=1 vtu_cross_max=9.313e-09
[COMBINED-LINEAR-SAMPLE-ENERGY] reachable=1 blocks=40
[L-EM2] compile arm=compiled in=2560 gram_diag_mean=7.471302e-01 h_norm=6.6152e+01
[L-R2] rank2 reachable=1 vtu_cross_max=6.869e-09
[COMBINED-LINEAR-SAMPLE-ENERGY] reachable=1 blocks=144
[L-EM2] compile arm=out-of-scope in=9216 gram_diag_mean=0.000000e+00 h_norm=0.0000e+00
[L-EM2] dynamic arm=applied groups=640 passes=6 accepted_steps=96 accepted_groups=518786 changed=297940 rows=512 grad_mean=2.317e-02 error=-
[L-EM2] dynamic arm=applied groups=640 passes=6 accepted_steps=96 accepted_groups=509216 changed=292400 rows=512 grad_mean=2.261e-02 error=-
[L-EM2] dynamic arm=applied groups=640 passes=6 accepted_steps=96 accepted_groups=173295 changed=110358 rows=128 grad_mean=5.082e-03 error=-
[L-EM2] dynamic arm=applied groups=640 passes=6 accepted_steps=96 accepted_groups=174805 changed=111188 rows=128 grad_mean=4.980e-03 error=-
[L-EM2] dynamic arm=applied groups=640 passes=6 accepted_steps=96 accepted_groups=616595 changed=398961 rows=512 grad_mean=4.964e-03 error=-
[L-EM2] dynamic arm=applied groups=640 passes=6 accepted_steps=96 accepted_groups=608780 changed=393840 rows=512 grad_mean=4.840e-03 error=-
[L-EM2] dynamic arm=applied groups=1024 passes=6 accepted_steps=96 accepted_groups=262451 changed=151810 rows=128 grad_mean=2.339e-03 error=-
[L-EM2] dynamic arm=applied groups=1024 passes=6 accepted_steps=96 accepted_groups=269594 changed=153742 rows=128 grad_mean=2.505e-03 error=-
[L-EM2] dynamic arm=applied groups=640 passes=6 accepted_steps=96 accepted_groups=316051 changed=180996 rows=512 grad_mean=3.744e-02 error=-
[L-EM2] dynamic arm=applied groups=640 passes=6 accepted_steps=96 accepted_groups=310491 changed=177275 rows=512 grad_mean=3.735e-02 error=-
[L-EM2] dynamic arm=applied groups=640 passes=6 accepted_steps=96 accepted_groups=67556 changed=46094 rows=128 grad_mean=2.635e-02 error=-
[L-EM2] dynamic arm=applied groups=640 passes=6 accepted_steps=96 accepted_groups=67648 changed=46204 rows=128 grad_mean=2.612e-02 error=-
[L-EM2] dynamic arm=applied groups=640 passes=6 accepted_steps=96 accepted_groups=150311 changed=94932 rows=128 grad_mean=1.486e-02 error=-
[L-EM2] dynamic arm=applied groups=640 passes=6 accepted_steps=96 accepted_groups=150296 changed=94440 rows=128 grad_mean=1.470e-02 error=-
[L-EM2] dynamic arm=applied groups=640 passes=6 accepted_steps=96 accepted_groups=594327 changed=376851 rows=512 grad_mean=1.254e-02 error=-
[L-EM2] dynamic arm=applied groups=640 passes=6 accepted_steps=96 accepted_groups=593998 changed=376838 rows=512 grad_mean=1.209e-02 error=-
[L-EM2] dynamic arm=applied groups=640 passes=6 accepted_steps=96 accepted_groups=104739 changed=69763 rows=128 grad_mean=2.791e-02 error=-
[L-EM2] dynamic arm=applied groups=640 passes=6 accepted_steps=96 accepted_groups=104616 changed=69364 rows=128 grad_mean=2.761e-02 error=-
[L-EM2] dynamic arm=applied groups=1024 passes=6 accepted_steps=96 accepted_groups=1728294 changed=915423 rows=512 grad_mean=8.730e-04 error=-
[L-EM2] dynamic arm=applied groups=1024 passes=6 accepted_steps=96 accepted_groups=1687670 changed=899510 rows=512 grad_mean=7.888e-04 error=-
[L-EM2] dynamic arm=applied groups=640 passes=6 accepted_steps=96 accepted_groups=77631 changed=41445 rows=128 grad_mean=3.385e-02 error=-
[L-EM2] dynamic arm=applied groups=640 passes=6 accepted_steps=96 accepted_groups=76172 changed=40990 rows=128 grad_mean=3.282e-02 error=-
[L-EM2] dynamic arm=applied groups=640 passes=6 accepted_steps=96 accepted_groups=255285 changed=174782 rows=512 grad_mean=2.368e-02 error=-
[L-EM2] dynamic arm=applied groups=640 passes=6 accepted_steps=96 accepted_groups=253908 changed=173687 rows=512 grad_mean=2.264e-02 error=-
[L-EM2] dynamic arm=applied groups=640 passes=6 accepted_steps=96 accepted_groups=613779 changed=380575 rows=512 grad_mean=1.529e-02 error=-
[L-EM2] dynamic arm=applied groups=640 passes=6 accepted_steps=96 accepted_groups=600140 changed=373078 rows=512 grad_mean=1.502e-02 error=-
[L-EM2] dynamic arm=applied groups=640 passes=6 accepted_steps=96 accepted_groups=164769 changed=100571 rows=128 grad_mean=1.511e-02 error=-
[L-EM2] dynamic arm=applied groups=640 passes=6 accepted_steps=96 accepted_groups=170783 changed=103230 rows=128 grad_mean=1.444e-02 error=-
[L-EM2] dynamic arm=applied groups=640 passes=6 accepted_steps=96 accepted_groups=461833 changed=283374 rows=512 grad_mean=2.527e-02 error=-
[L-EM2] dynamic arm=applied groups=640 passes=6 accepted_steps=96 accepted_groups=452837 changed=277579 rows=512 grad_mean=2.496e-02 error=-
[L-EM2] dynamic arm=applied groups=1024 passes=6 accepted_steps=96 accepted_groups=348963 changed=195779 rows=128 grad_mean=1.135e-03 error=-
[L-EM2] dynamic arm=applied groups=1024 passes=6 accepted_steps=96 accepted_groups=350336 changed=196305 rows=128 grad_mean=1.054e-03 error=-
[L-EM2] dynamic arm=applied groups=640 passes=6 accepted_steps=96 accepted_groups=367843 changed=212160 rows=512 grad_mean=2.952e-02 error=-
[L-EM2] dynamic arm=applied groups=640 passes=6 accepted_steps=96 accepted_groups=360733 changed=206238 rows=512 grad_mean=2.934e-02 error=-
[L-EM2] dynamic arm=applied groups=640 passes=6 accepted_steps=96 accepted_groups=72523 changed=48216 rows=128 grad_mean=2.692e-02 error=-
[L-EM2] dynamic arm=applied groups=640 passes=6 accepted_steps=96 accepted_groups=73403 changed=48712 rows=128 grad_mean=2.578e-02 error=-
[L-EM2] dynamic arm=applied groups=640 passes=6 accepted_steps=96 accepted_groups=144531 changed=85753 rows=128 grad_mean=3.040e-02 error=-
[L-EM2] dynamic arm=applied groups=640 passes=6 accepted_steps=96 accepted_groups=144336 changed=85784 rows=128 grad_mean=3.009e-02 error=-
[L-EM2] dynamic arm=applied groups=640 passes=6 accepted_steps=96 accepted_groups=575468 changed=343047 rows=512 grad_mean=3.016e-02 error=-
[L-EM2] dynamic arm=applied groups=640 passes=6 accepted_steps=96 accepted_groups=550680 changed=328741 rows=512 grad_mean=2.983e-02 error=-
[L-EM2] dynamic arm=applied groups=640 passes=6 accepted_steps=96 accepted_groups=117728 changed=74535 rows=128 grad_mean=4.388e-02 error=-
[L-EM2] dynamic arm=applied groups=640 passes=6 accepted_steps=96 accepted_groups=118902 changed=75096 rows=128 grad_mean=4.339e-02 error=-
[L-EM2] dynamic arm=applied groups=1024 passes=6 accepted_steps=96 accepted_groups=1336191 changed=778459 rows=512 grad_mean=2.531e-03 error=-
[L-EM2] dynamic arm=applied groups=1024 passes=6 accepted_steps=96 accepted_groups=1309536 changed=763686 rows=512 grad_mean=2.251e-03 error=-
[L-EM2] dynamic arm=applied groups=640 passes=6 accepted_steps=96 accepted_groups=74451 changed=41098 rows=128 grad_mean=8.697e-02 error=-
[L-EM2] dynamic arm=applied groups=640 passes=6 accepted_steps=96 accepted_groups=71043 changed=39542 rows=128 grad_mean=8.512e-02 error=-
[L-EM2] dynamic arm=applied groups=640 passes=6 accepted_steps=96 accepted_groups=290281 changed=194188 rows=512 grad_mean=3.804e-02 error=-
[L-EM2] dynamic arm=applied groups=640 passes=6 accepted_steps=96 accepted_groups=283062 changed=189592 rows=512 grad_mean=3.758e-02 error=-
[L-R2] rank2 reachable=1 vtu_cross_max=5.588e-09
[COMBINED-LINEAR-SAMPLE-ENERGY] reachable=1 blocks=40
[L-EM2] compile arm=compiled in=2560 gram_diag_mean=6.626585e-01 h_norm=1.0747e+02
[L-R2] rank2 reachable=1 vtu_cross_max=9.313e-10
[COMBINED-LINEAR-SAMPLE-ENERGY] reachable=1 blocks=40
[L-EM2] compile arm=compiled in=2560 gram_diag_mean=1.702063e-01 h_norm=3.1990e+01
[L-R2] rank2 reachable=1 vtu_cross_max=9.779e-09
[COMBINED-LINEAR-SAMPLE-ENERGY] reachable=1 blocks=40
[L-EM2] compile arm=compiled in=2560 gram_diag_mean=1.637652e-01 h_norm=2.4858e+01
[L-R2] rank2 reachable=1 vtu_cross_max=8.033e-09
[COMBINED-LINEAR-SAMPLE-ENERGY] reachable=1 blocks=64
[L-EM2] compile arm=compiled in=4096 gram_diag_mean=5.088800e-01 h_norm=1.0572e+02
[L-R2] rank2 reachable=1 vtu_cross_max=6.519e-09
[COMBINED-LINEAR-SAMPLE-ENERGY] reachable=1 blocks=40
[L-EM2] compile arm=compiled in=2560 gram_diag_mean=1.027571e+00 h_norm=1.5703e+02
[L-R2] rank2 reachable=1 vtu_cross_max=4.657e-09
[COMBINED-LINEAR-SAMPLE-ENERGY] reachable=1 blocks=40
[L-EM2] compile arm=compiled in=2560 gram_diag_mean=6.348262e-01 h_norm=5.3738e+01
[L-R2] rank2 reachable=1 vtu_cross_max=3.027e-09
[COMBINED-LINEAR-SAMPLE-ENERGY] reachable=1 blocks=144
[L-EM2] compile arm=out-of-scope in=9216 gram_diag_mean=0.000000e+00 h_norm=0.0000e+00
[L-R2] rank2 reachable=1 vtu_cross_max=2.794e-09
[COMBINED-LINEAR-SAMPLE-ENERGY] reachable=1 blocks=40
[L-EM2] compile arm=compiled in=2560 gram_diag_mean=4.281827e-01 h_norm=6.6711e+01
[L-R2] rank2 reachable=1 vtu_cross_max=4.424e-09
[COMBINED-LINEAR-SAMPLE-ENERGY] reachable=1 blocks=40
[L-EM2] compile arm=compiled in=2560 gram_diag_mean=3.882199e-01 h_norm=5.9432e+01
[L-R2] rank2 reachable=1 vtu_cross_max=3.725e-09
[COMBINED-LINEAR-SAMPLE-ENERGY] reachable=1 blocks=40
[L-EM2] compile arm=compiled in=2560 gram_diag_mean=7.263753e-01 h_norm=2.2027e+01
[L-R2] rank2 reachable=1 vtu_cross_max=5.588e-09
[COMBINED-LINEAR-SAMPLE-ENERGY] reachable=1 blocks=64
[L-EM2] compile arm=compiled in=4096 gram_diag_mean=4.746353e-01 h_norm=8.5694e+01
[L-R2] rank2 reachable=1 vtu_cross_max=3.492e-09
[COMBINED-LINEAR-SAMPLE-ENERGY] reachable=1 blocks=40
[L-EM2] compile arm=compiled in=2560 gram_diag_mean=8.939406e-01 h_norm=1.2006e+02
[L-R2] rank2 reachable=1 vtu_cross_max=5.588e-09
[COMBINED-LINEAR-SAMPLE-ENERGY] reachable=1 blocks=40
[L-EM2] compile arm=compiled in=2560 gram_diag_mean=6.488587e-01 h_norm=8.5976e+00
[L-R2] rank2 reachable=1 vtu_cross_max=4.657e-09
[COMBINED-LINEAR-SAMPLE-ENERGY] reachable=1 blocks=144
[L-EM2] compile arm=out-of-scope in=9216 gram_diag_mean=0.000000e+00 h_norm=0.0000e+00
[L-R2] rank2 reachable=1 vtu_cross_max=2.328e-09
[COMBINED-LINEAR-SAMPLE-ENERGY] reachable=1 blocks=40
[L-EM2] compile arm=compiled in=2560 gram_diag_mean=4.558631e-01 h_norm=8.4345e+01
[L-R2] rank2 reachable=1 vtu_cross_max=8.382e-09
[COMBINED-LINEAR-SAMPLE-ENERGY] reachable=1 blocks=40
[L-EM2] compile arm=compiled in=2560 gram_diag_mean=4.479988e-01 h_norm=9.7371e+01
[L-R2] rank2 reachable=1 vtu_cross_max=6.054e-09
[COMBINED-LINEAR-SAMPLE-ENERGY] reachable=1 blocks=40
[L-EM2] compile arm=compiled in=2560 gram_diag_mean=6.911080e-01 h_norm=9.1293e+01
[L-R2] rank2 reachable=1 vtu_cross_max=3.492e-09
[COMBINED-LINEAR-SAMPLE-ENERGY] reachable=1 blocks=64
[L-EM2] compile arm=compiled in=4096 gram_diag_mean=4.099765e-01 h_norm=8.4165e+01
[L-R2] rank2 reachable=1 vtu_cross_max=2.561e-09
[COMBINED-LINEAR-SAMPLE-ENERGY] reachable=1 blocks=40
[L-EM2] compile arm=compiled in=2560 gram_diag_mean=8.293039e-01 h_norm=1.2340e+02
[L-R2] rank2 reachable=1 vtu_cross_max=2.794e-09
[COMBINED-LINEAR-SAMPLE-ENERGY] reachable=1 blocks=40
[L-EM2] compile arm=compiled in=2560 gram_diag_mean=7.323298e-01 h_norm=1.8501e+01
[L-R2] rank2 reachable=1 vtu_cross_max=7.683e-09
[COMBINED-LINEAR-SAMPLE-ENERGY] reachable=1 blocks=144
[L-EM2] compile arm=out-of-scope in=9216 gram_diag_mean=0.000000e+00 h_norm=0.0000e+00
[L-R2] rank2 reachable=1 vtu_cross_max=4.657e-09
[COMBINED-LINEAR-SAMPLE-ENERGY] reachable=1 blocks=40
[L-EM2] compile arm=compiled in=2560 gram_diag_mean=5.403739e-01 h_norm=9.6047e+01
[L-R2] rank2 reachable=1 vtu_cross_max=3.725e-09
[COMBINED-LINEAR-SAMPLE-ENERGY] reachable=1 blocks=40
[L-EM2] compile arm=compiled in=2560 gram_diag_mean=5.417235e-01 h_norm=1.0450e+02
[L-R2] rank2 reachable=1 vtu_cross_max=4.657e-09
[COMBINED-LINEAR-SAMPLE-ENERGY] reachable=1 blocks=40
[L-EM2] compile arm=compiled in=2560 gram_diag_mean=8.908318e-01 h_norm=1.1789e+02
[L-R2] rank2 reachable=1 vtu_cross_max=5.588e-09
[COMBINED-LINEAR-SAMPLE-ENERGY] reachable=1 blocks=64
[L-EM2] compile arm=compiled in=4096 gram_diag_mean=6.768022e-01 h_norm=1.1787e+02
[L-R2] rank2 reachable=1 vtu_cross_max=5.239e-09
[COMBINED-LINEAR-SAMPLE-ENERGY] reachable=1 blocks=40
[L-EM2] compile arm=compiled in=2560 gram_diag_mean=1.525857e+00 h_norm=2.9227e+02
[L-R2] rank2 reachable=1 vtu_cross_max=9.313e-09
[COMBINED-LINEAR-SAMPLE-ENERGY] reachable=1 blocks=40
[L-EM2] compile arm=compiled in=2560 gram_diag_mean=7.471302e-01 h_norm=6.6152e+01
[L-R2] rank2 reachable=1 vtu_cross_max=6.869e-09
[COMBINED-LINEAR-SAMPLE-ENERGY] reachable=1 blocks=144
[L-EM2] compile arm=out-of-scope in=9216 gram_diag_mean=0.000000e+00 h_norm=0.0000e+00
[L-EM2] dynamic arm=applied groups=640 passes=6 accepted_steps=96 accepted_groups=462972 changed=296513 rows=512 grad_mean=2.104e-02 error=-
[L-EM2] dynamic arm=applied groups=640 passes=6 accepted_steps=96 accepted_groups=452291 changed=290519 rows=512 grad_mean=2.057e-02 error=-
[L-EM2] dynamic arm=applied groups=640 passes=6 accepted_steps=96 accepted_groups=159363 changed=106536 rows=128 grad_mean=4.583e-03 error=-
[L-EM2] dynamic arm=applied groups=640 passes=6 accepted_steps=96 accepted_groups=159556 changed=106660 rows=128 grad_mean=4.500e-03 error=-
[L-EM2] dynamic arm=applied groups=640 passes=6 accepted_steps=96 accepted_groups=560441 changed=388025 rows=512 grad_mean=4.350e-03 error=-
[L-EM2] dynamic arm=applied groups=640 passes=6 accepted_steps=96 accepted_groups=557448 changed=385970 rows=512 grad_mean=4.265e-03 error=-
[L-EM2] dynamic arm=applied groups=1024 passes=6 accepted_steps=96 accepted_groups=350270 changed=204931 rows=128 grad_mean=1.320e-03 error=-
[L-EM2] dynamic arm=applied groups=1024 passes=6 accepted_steps=96 accepted_groups=358401 changed=208825 rows=128 grad_mean=1.436e-03 error=-
[L-EM2] dynamic arm=applied groups=640 passes=6 accepted_steps=96 accepted_groups=315196 changed=203868 rows=512 grad_mean=3.518e-02 error=-
[L-EM2] dynamic arm=applied groups=640 passes=6 accepted_steps=96 accepted_groups=306747 changed=198586 rows=512 grad_mean=3.514e-02 error=-
[L-EM2] dynamic arm=applied groups=640 passes=6 accepted_steps=96 accepted_groups=67455 changed=46440 rows=128 grad_mean=2.632e-02 error=-
[L-EM2] dynamic arm=applied groups=640 passes=6 accepted_steps=96 accepted_groups=66886 changed=46034 rows=128 grad_mean=2.610e-02 error=-
[L-EM2] dynamic arm=applied groups=640 passes=6 accepted_steps=96 accepted_groups=137470 changed=92427 rows=128 grad_mean=1.422e-02 error=-
[L-EM2] dynamic arm=applied groups=640 passes=6 accepted_steps=96 accepted_groups=137621 changed=92326 rows=128 grad_mean=1.403e-02 error=-
[L-EM2] dynamic arm=applied groups=640 passes=6 accepted_steps=96 accepted_groups=547198 changed=368699 rows=512 grad_mean=1.207e-02 error=-
[L-EM2] dynamic arm=applied groups=640 passes=6 accepted_steps=96 accepted_groups=546746 changed=367718 rows=512 grad_mean=1.165e-02 error=-
[L-EM2] dynamic arm=applied groups=640 passes=6 accepted_steps=96 accepted_groups=103890 changed=70082 rows=128 grad_mean=2.786e-02 error=-
[L-EM2] dynamic arm=applied groups=640 passes=6 accepted_steps=96 accepted_groups=102961 changed=69229 rows=128 grad_mean=2.761e-02 error=-
[L-EM2] dynamic arm=applied groups=1024 passes=6 accepted_steps=96 accepted_groups=1598389 changed=912542 rows=512 grad_mean=6.509e-04 error=-
[L-EM2] dynamic arm=applied groups=1024 passes=6 accepted_steps=96 accepted_groups=1560051 changed=898274 rows=512 grad_mean=5.868e-04 error=-
[L-EM2] dynamic arm=applied groups=640 passes=6 accepted_steps=96 accepted_groups=70607 changed=46456 rows=128 grad_mean=3.103e-02 error=-
[L-EM2] dynamic arm=applied groups=640 passes=6 accepted_steps=96 accepted_groups=69934 changed=46743 rows=128 grad_mean=3.018e-02 error=-
[L-EM2] dynamic arm=applied groups=640 passes=6 accepted_steps=96 accepted_groups=254836 changed=175308 rows=512 grad_mean=2.366e-02 error=-
[L-EM2] dynamic arm=applied groups=640 passes=6 accepted_steps=96 accepted_groups=254128 changed=174402 rows=512 grad_mean=2.262e-02 error=-
[L-EM2] dynamic arm=applied groups=640 passes=6 accepted_steps=96 accepted_groups=551429 changed=367806 rows=512 grad_mean=1.406e-02 error=-
[L-EM2] dynamic arm=applied groups=640 passes=6 accepted_steps=96 accepted_groups=538060 changed=359811 rows=512 grad_mean=1.386e-02 error=-
[L-EM2] dynamic arm=applied groups=640 passes=6 accepted_steps=96 accepted_groups=149860 changed=97539 rows=128 grad_mean=1.333e-02 error=-
[L-EM2] dynamic arm=applied groups=640 passes=6 accepted_steps=96 accepted_groups=153591 changed=99725 rows=128 grad_mean=1.280e-02 error=-
[L-EM2] dynamic arm=applied groups=640 passes=6 accepted_steps=96 accepted_groups=416881 changed=280834 rows=512 grad_mean=2.420e-02 error=-
[L-EM2] dynamic arm=applied groups=640 passes=6 accepted_steps=96 accepted_groups=407729 changed=274477 rows=512 grad_mean=2.392e-02 error=-
[L-EM2] dynamic arm=applied groups=1024 passes=6 accepted_steps=96 accepted_groups=315918 changed=195647 rows=128 grad_mean=8.067e-04 error=-
[L-EM2] dynamic arm=applied groups=1024 passes=6 accepted_steps=96 accepted_groups=313162 changed=193378 rows=128 grad_mean=7.520e-04 error=-
[L-EM2] dynamic arm=applied groups=640 passes=6 accepted_steps=96 accepted_groups=321738 changed=214623 rows=512 grad_mean=2.841e-02 error=-
[L-EM2] dynamic arm=applied groups=640 passes=6 accepted_steps=96 accepted_groups=314436 changed=209075 rows=512 grad_mean=2.820e-02 error=-
[L-EM2] dynamic arm=applied groups=640 passes=6 accepted_steps=96 accepted_groups=71826 changed=48106 rows=128 grad_mean=2.688e-02 error=-
[L-EM2] dynamic arm=applied groups=640 passes=6 accepted_steps=96 accepted_groups=72848 changed=48786 rows=128 grad_mean=2.577e-02 error=-
[L-EM2] dynamic arm=applied groups=640 passes=6 accepted_steps=96 accepted_groups=133663 changed=89794 rows=128 grad_mean=2.222e-02 error=-
[L-EM2] dynamic arm=applied groups=640 passes=6 accepted_steps=96 accepted_groups=134683 changed=90616 rows=128 grad_mean=2.193e-02 error=-
[L-EM2] dynamic arm=applied groups=640 passes=6 accepted_steps=96 accepted_groups=560471 changed=376710 rows=512 grad_mean=2.113e-02 error=-
[L-EM2] dynamic arm=applied groups=640 passes=6 accepted_steps=96 accepted_groups=536217 changed=361226 rows=512 grad_mean=2.082e-02 error=-
[L-EM2] dynamic arm=applied groups=640 passes=6 accepted_steps=96 accepted_groups=111058 changed=75028 rows=128 grad_mean=4.302e-02 error=-
[L-EM2] dynamic arm=applied groups=640 passes=6 accepted_steps=96 accepted_groups=111658 changed=75303 rows=128 grad_mean=4.253e-02 error=-
[L-EM2] dynamic arm=applied groups=1024 passes=6 accepted_steps=96 accepted_groups=1405063 changed=859125 rows=512 grad_mean=1.570e-03 error=-
[L-EM2] dynamic arm=applied groups=1024 passes=6 accepted_steps=96 accepted_groups=1359627 changed=839913 rows=512 grad_mean=1.402e-03 error=-
[L-EM2] dynamic arm=applied groups=640 passes=6 accepted_steps=96 accepted_groups=87490 changed=54452 rows=128 grad_mean=6.909e-02 error=-
[L-EM2] dynamic arm=applied groups=640 passes=6 accepted_steps=96 accepted_groups=84455 changed=53685 rows=128 grad_mean=6.755e-02 error=-
[L-EM2] dynamic arm=applied groups=640 passes=6 accepted_steps=96 accepted_groups=286946 changed=194331 rows=512 grad_mean=3.798e-02 error=-
[L-EM2] dynamic arm=applied groups=640 passes=6 accepted_steps=96 accepted_groups=280908 changed=190145 rows=512 grad_mean=3.753e-02 error=-
[L-R2] rank2 reachable=1 vtu_cross_max=2.212e-09
[COMBINED-LINEAR-SAMPLE-ENERGY] reachable=1 blocks=40
[L-EM2] compile arm=compiled in=2560 gram_diag_mean=4.162487e-01 h_norm=1.2617e+02
[L-R2] rank2 reachable=1 vtu_cross_max=9.313e-09
[COMBINED-LINEAR-SAMPLE-ENERGY] reachable=1 blocks=40
[L-EM2] compile arm=compiled in=2560 gram_diag_mean=4.605106e-01 h_norm=1.2386e+02
[L-R2] rank2 reachable=1 vtu_cross_max=1.630e-09
[COMBINED-LINEAR-SAMPLE-ENERGY] reachable=1 blocks=40
[L-EM2] compile arm=compiled in=2560 gram_diag_mean=6.497254e-01 h_norm=6.7781e+01
[L-R2] rank2 reachable=1 vtu_cross_max=5.792e-09
[COMBINED-LINEAR-SAMPLE-ENERGY] reachable=1 blocks=64
[L-EM2] compile arm=compiled in=4096 gram_diag_mean=4.068347e-01 h_norm=1.0172e+02
[L-R2] rank2 reachable=1 vtu_cross_max=4.191e-09
[COMBINED-LINEAR-SAMPLE-ENERGY] reachable=1 blocks=40
[L-EM2] compile arm=compiled in=2560 gram_diag_mean=7.792596e-01 h_norm=8.2498e+01
[L-R2] rank2 reachable=1 vtu_cross_max=3.027e-09
[COMBINED-LINEAR-SAMPLE-ENERGY] reachable=1 blocks=40
[L-EM2] compile arm=compiled in=2560 gram_diag_mean=6.663027e-01 h_norm=5.7536e+01
[L-R2] rank2 reachable=1 vtu_cross_max=4.875e-09
[COMBINED-LINEAR-SAMPLE-ENERGY] reachable=1 blocks=144
[L-EM2] compile arm=out-of-scope in=9216 gram_diag_mean=0.000000e+00 h_norm=0.0000e+00
[L-R2] rank2 reachable=1 vtu_cross_max=5.122e-09
[COMBINED-LINEAR-SAMPLE-ENERGY] reachable=1 blocks=40
[L-EM2] compile arm=compiled in=2560 gram_diag_mean=6.643277e-01 h_norm=1.3898e+02
[L-R2] rank2 reachable=1 vtu_cross_max=2.794e-09
[COMBINED-LINEAR-SAMPLE-ENERGY] reachable=1 blocks=40
[L-EM2] compile arm=compiled in=2560 gram_diag_mean=1.677859e-01 h_norm=3.9376e+01
[L-R2] rank2 reachable=1 vtu_cross_max=4.657e-09
[COMBINED-LINEAR-SAMPLE-ENERGY] reachable=1 blocks=40
[L-EM2] compile arm=compiled in=2560 gram_diag_mean=2.892851e-01 h_norm=4.4023e+01
[L-R2] rank2 reachable=1 vtu_cross_max=5.588e-09
[COMBINED-LINEAR-SAMPLE-ENERGY] reachable=1 blocks=64
[L-EM2] compile arm=compiled in=4096 gram_diag_mean=6.569073e-01 h_norm=1.2055e+02
[L-R2] rank2 reachable=1 vtu_cross_max=9.313e-09
[COMBINED-LINEAR-SAMPLE-ENERGY] reachable=1 blocks=40
[L-EM2] compile arm=compiled in=2560 gram_diag_mean=9.809051e-01 h_norm=1.4124e+02
[L-R2] rank2 reachable=1 vtu_cross_max=4.657e-09
[COMBINED-LINEAR-SAMPLE-ENERGY] reachable=1 blocks=40
[L-EM2] compile arm=compiled in=2560 gram_diag_mean=8.617746e-01 h_norm=8.0942e+01
[L-R2] rank2 reachable=1 vtu_cross_max=3.725e-09
[COMBINED-LINEAR-SAMPLE-ENERGY] reachable=1 blocks=144
[L-EM2] compile arm=out-of-scope in=9216 gram_diag_mean=0.000000e+00 h_norm=0.0000e+00
[L-R2] rank2 reachable=1 vtu_cross_max=6.519e-09
[COMBINED-LINEAR-SAMPLE-ENERGY] reachable=1 blocks=40
[L-EM2] compile arm=compiled in=2560 gram_diag_mean=5.807757e-01 h_norm=1.1540e+02
[L-R2] rank2 reachable=1 vtu_cross_max=3.725e-09
[COMBINED-LINEAR-SAMPLE-ENERGY] reachable=1 blocks=40
[L-EM2] compile arm=compiled in=2560 gram_diag_mean=4.872078e-01 h_norm=9.9251e+01
[L-R2] rank2 reachable=1 vtu_cross_max=4.657e-09
[COMBINED-LINEAR-SAMPLE-ENERGY] reachable=1 blocks=40
[L-EM2] compile arm=compiled in=2560 gram_diag_mean=7.258939e-01 h_norm=9.1313e+01
[L-R2] rank2 reachable=1 vtu_cross_max=2.561e-09
[COMBINED-LINEAR-SAMPLE-ENERGY] reachable=1 blocks=64
[L-EM2] compile arm=compiled in=4096 gram_diag_mean=5.060819e-01 h_norm=9.2945e+01
[L-R2] rank2 reachable=1 vtu_cross_max=1.024e-08
[COMBINED-LINEAR-SAMPLE-ENERGY] reachable=1 blocks=40
[L-EM2] compile arm=compiled in=2560 gram_diag_mean=8.414800e-01 h_norm=1.2865e+02
[L-R2] rank2 reachable=1 vtu_cross_max=2.794e-09
[COMBINED-LINEAR-SAMPLE-ENERGY] reachable=1 blocks=40
[L-EM2] compile arm=compiled in=2560 gram_diag_mean=7.609044e-01 h_norm=7.1765e+01
[L-R2] rank2 reachable=1 vtu_cross_max=3.260e-09
[COMBINED-LINEAR-SAMPLE-ENERGY] reachable=1 blocks=144
[L-EM2] compile arm=out-of-scope in=9216 gram_diag_mean=0.000000e+00 h_norm=0.0000e+00
[L-R2] rank2 reachable=1 vtu_cross_max=8.382e-09
[COMBINED-LINEAR-SAMPLE-ENERGY] reachable=1 blocks=40
[L-EM2] compile arm=compiled in=2560 gram_diag_mean=6.063445e-01 h_norm=1.7495e+02
[L-R2] rank2 reachable=1 vtu_cross_max=2.154e-09
[COMBINED-LINEAR-SAMPLE-ENERGY] reachable=1 blocks=40
[L-EM2] compile arm=compiled in=2560 gram_diag_mean=6.297785e-01 h_norm=1.4828e+02
[L-R2] rank2 reachable=1 vtu_cross_max=3.725e-09
[COMBINED-LINEAR-SAMPLE-ENERGY] reachable=1 blocks=40
[L-EM2] compile arm=compiled in=2560 gram_diag_mean=1.080649e+00 h_norm=1.3640e+02
[L-R2] rank2 reachable=1 vtu_cross_max=4.889e-09
[COMBINED-LINEAR-SAMPLE-ENERGY] reachable=1 blocks=64
[L-EM2] compile arm=compiled in=4096 gram_diag_mean=5.324391e-01 h_norm=8.4628e+01
[L-R2] rank2 reachable=1 vtu_cross_max=2.794e-09
[COMBINED-LINEAR-SAMPLE-ENERGY] reachable=1 blocks=40
[L-EM2] compile arm=compiled in=2560 gram_diag_mean=1.687704e+00 h_norm=3.0678e+02
[L-R2] rank2 reachable=1 vtu_cross_max=5.588e-09
[COMBINED-LINEAR-SAMPLE-ENERGY] reachable=1 blocks=40
[L-EM2] compile arm=compiled in=2560 gram_diag_mean=8.986146e-01 h_norm=8.5281e+01
[L-R2] rank2 reachable=1 vtu_cross_max=5.588e-09
[COMBINED-LINEAR-SAMPLE-ENERGY] reachable=1 blocks=144
[L-EM2] compile arm=out-of-scope in=9216 gram_diag_mean=0.000000e+00 h_norm=0.0000e+00
[L-EM2] dynamic arm=applied groups=640 passes=6 accepted_steps=96 accepted_groups=5572 changed=5409 rows=128 grad_mean=7.993e-02 error=-
[L-EM2] dynamic arm=applied groups=640 passes=6 accepted_steps=96 accepted_groups=5889 changed=5788 rows=128 grad_mean=7.794e-02 error=-
[L-EM2] dynamic arm=applied groups=640 passes=6 accepted_steps=96 accepted_groups=118672 changed=101102 rows=512 grad_mean=6.131e-02 error=-
[L-EM2] dynamic arm=applied groups=640 passes=6 accepted_steps=96 accepted_groups=120460 changed=102210 rows=512 grad_mean=6.101e-02 error=-
[L-EM2] dynamic arm=applied groups=640 passes=6 accepted_steps=96 accepted_groups=593 changed=593 rows=128 grad_mean=1.936e-01 error=-
[L-EM2] dynamic arm=applied groups=640 passes=6 accepted_steps=96 accepted_groups=738 changed=738 rows=128 grad_mean=1.852e-01 error=-
[L-EM2] dynamic arm=applied groups=1024 passes=6 accepted_steps=96 accepted_groups=1309499 changed=728344 rows=512 grad_mean=3.345e-04 error=-
[L-EM2] dynamic arm=applied groups=1024 passes=6 accepted_steps=96 accepted_groups=1330023 changed=736834 rows=512 grad_mean=3.355e-04 error=-
[L-EM2] dynamic arm=applied groups=640 passes=6 accepted_steps=96 accepted_groups=74316 changed=41150 rows=128 grad_mean=1.301e-02 error=-
[L-EM2] dynamic arm=applied groups=640 passes=6 accepted_steps=96 accepted_groups=72656 changed=40150 rows=128 grad_mean=1.220e-02 error=-
[L-EM2] dynamic arm=applied groups=640 passes=6 accepted_steps=96 accepted_groups=251059 changed=169921 rows=512 grad_mean=1.008e-02 error=-
[L-EM2] dynamic arm=applied groups=640 passes=6 accepted_steps=96 accepted_groups=247283 changed=168143 rows=512 grad_mean=9.695e-03 error=-
[L-EM2] dynamic arm=applied groups=640 passes=6 accepted_steps=96 accepted_groups=510651 changed=310031 rows=512 grad_mean=2.345e-02 error=-
[L-EM2] dynamic arm=applied groups=640 passes=6 accepted_steps=96 accepted_groups=500159 changed=302671 rows=512 grad_mean=2.360e-02 error=-
[L-EM2] dynamic arm=applied groups=640 passes=6 accepted_steps=96 accepted_groups=187296 changed=118408 rows=128 grad_mean=5.129e-03 error=-
[L-EM2] dynamic arm=applied groups=640 passes=6 accepted_steps=96 accepted_groups=189402 changed=119354 rows=128 grad_mean=5.015e-03 error=-
[L-EM2] dynamic arm=applied groups=640 passes=6 accepted_steps=96 accepted_groups=697058 changed=433535 rows=512 grad_mean=9.990e-03 error=-
[L-EM2] dynamic arm=applied groups=640 passes=6 accepted_steps=96 accepted_groups=677415 changed=422641 rows=512 grad_mean=1.004e-02 error=-
[L-EM2] dynamic arm=applied groups=1024 passes=6 accepted_steps=96 accepted_groups=326911 changed=187144 rows=128 grad_mean=3.287e-03 error=-
[L-EM2] dynamic arm=applied groups=1024 passes=6 accepted_steps=96 accepted_groups=324112 changed=185257 rows=128 grad_mean=3.106e-03 error=-
[L-EM2] dynamic arm=applied groups=640 passes=6 accepted_steps=96 accepted_groups=375819 changed=207550 rows=512 grad_mean=4.184e-02 error=-
[L-EM2] dynamic arm=applied groups=640 passes=6 accepted_steps=96 accepted_groups=359201 changed=197578 rows=512 grad_mean=4.220e-02 error=-
[L-EM2] dynamic arm=applied groups=640 passes=6 accepted_steps=96 accepted_groups=77622 changed=42919 rows=128 grad_mean=3.755e-02 error=-
[L-EM2] dynamic arm=applied groups=640 passes=6 accepted_steps=96 accepted_groups=78199 changed=43220 rows=128 grad_mean=3.620e-02 error=-
[L-EM2] dynamic arm=applied groups=640 passes=6 accepted_steps=96 accepted_groups=147861 changed=90537 rows=128 grad_mean=2.181e-02 error=-
[L-EM2] dynamic arm=applied groups=640 passes=6 accepted_steps=96 accepted_groups=149548 changed=91112 rows=128 grad_mean=2.067e-02 error=-
[L-EM2] dynamic arm=applied groups=640 passes=6 accepted_steps=96 accepted_groups=606887 changed=372357 rows=512 grad_mean=1.808e-02 error=-
[L-EM2] dynamic arm=applied groups=640 passes=6 accepted_steps=96 accepted_groups=589906 changed=361028 rows=512 grad_mean=1.736e-02 error=-
[L-EM2] dynamic arm=applied groups=640 passes=6 accepted_steps=96 accepted_groups=114036 changed=70731 rows=128 grad_mean=2.852e-02 error=-
[L-EM2] dynamic arm=applied groups=640 passes=6 accepted_steps=96 accepted_groups=115076 changed=71490 rows=128 grad_mean=2.730e-02 error=-
[L-EM2] dynamic arm=applied groups=1024 passes=6 accepted_steps=96 accepted_groups=1338354 changed=765354 rows=512 grad_mean=1.519e-03 error=-
[L-EM2] dynamic arm=applied groups=1024 passes=6 accepted_steps=96 accepted_groups=1344479 changed=770925 rows=512 grad_mean=1.482e-03 error=-
[L-EM2] dynamic arm=applied groups=640 passes=6 accepted_steps=96 accepted_groups=84965 changed=54760 rows=128 grad_mean=3.021e-02 error=-
[L-EM2] dynamic arm=applied groups=640 passes=6 accepted_steps=96 accepted_groups=86992 changed=56377 rows=128 grad_mean=2.913e-02 error=-
[L-EM2] dynamic arm=applied groups=640 passes=6 accepted_steps=96 accepted_groups=298402 changed=198272 rows=512 grad_mean=2.886e-02 error=-
[L-EM2] dynamic arm=applied groups=640 passes=6 accepted_steps=96 accepted_groups=295155 changed=196303 rows=512 grad_mean=2.839e-02 error=-
[L-EM2] dynamic arm=applied groups=640 passes=6 accepted_steps=96 accepted_groups=420935 changed=292725 rows=512 grad_mean=5.746e-02 error=-
[L-EM2] dynamic arm=applied groups=640 passes=6 accepted_steps=96 accepted_groups=404215 changed=280693 rows=512 grad_mean=5.785e-02 error=-
[L-EM2] dynamic arm=applied groups=640 passes=6 accepted_steps=96 accepted_groups=114754 changed=73851 rows=128 grad_mean=5.179e-02 error=-
[L-EM2] dynamic arm=applied groups=640 passes=6 accepted_steps=96 accepted_groups=110352 changed=71102 rows=128 grad_mean=5.256e-02 error=-
[L-EM2] dynamic arm=applied groups=640 passes=6 accepted_steps=96 accepted_groups=447566 changed=247408 rows=512 grad_mean=6.574e-02 error=-
[L-EM2] dynamic arm=applied groups=640 passes=6 accepted_steps=96 accepted_groups=438729 changed=240874 rows=512 grad_mean=6.690e-02 error=-
[L-EM2] dynamic arm=applied groups=1024 passes=6 accepted_steps=96 accepted_groups=406578 changed=224563 rows=128 grad_mean=3.075e-03 error=-
[L-EM2] dynamic arm=applied groups=1024 passes=6 accepted_steps=96 accepted_groups=416145 changed=227696 rows=128 grad_mean=3.185e-03 error=-
[L-EM2] dynamic arm=applied groups=640 passes=6 accepted_steps=96 accepted_groups=337057 changed=189803 rows=512 grad_mean=9.534e-02 error=-
[L-EM2] dynamic arm=applied groups=640 passes=6 accepted_steps=96 accepted_groups=319400 changed=179179 rows=512 grad_mean=9.814e-02 error=-
[L-EM2] dynamic arm=applied groups=640 passes=6 accepted_steps=96 accepted_groups=76656 changed=49899 rows=128 grad_mean=5.385e-02 error=-
[L-EM2] dynamic arm=applied groups=640 passes=6 accepted_steps=96 accepted_groups=75524 changed=49363 rows=128 grad_mean=5.402e-02 error=-
[L-R2] rank2 reachable=1 vtu_cross_max=2.212e-09
[COMBINED-LINEAR-SAMPLE-ENERGY] reachable=1 blocks=40
[L-EM2] compile arm=compiled in=2560 gram_diag_mean=4.162487e-01 h_norm=1.2617e+02
[L-R2] rank2 reachable=1 vtu_cross_max=9.313e-09
[COMBINED-LINEAR-SAMPLE-ENERGY] reachable=1 blocks=40
[L-EM2] compile arm=compiled in=2560 gram_diag_mean=4.605106e-01 h_norm=1.2386e+02
[L-R2] rank2 reachable=1 vtu_cross_max=1.630e-09
[COMBINED-LINEAR-SAMPLE-ENERGY] reachable=1 blocks=40
[L-EM2] compile arm=compiled in=2560 gram_diag_mean=6.497254e-01 h_norm=6.7781e+01
[L-R2] rank2 reachable=1 vtu_cross_max=5.792e-09
[COMBINED-LINEAR-SAMPLE-ENERGY] reachable=1 blocks=64
[L-EM2] compile arm=compiled in=4096 gram_diag_mean=4.068347e-01 h_norm=1.0172e+02
[L-R2] rank2 reachable=1 vtu_cross_max=4.191e-09
[COMBINED-LINEAR-SAMPLE-ENERGY] reachable=1 blocks=40
[L-EM2] compile arm=compiled in=2560 gram_diag_mean=7.792596e-01 h_norm=8.2498e+01
[L-R2] rank2 reachable=1 vtu_cross_max=3.027e-09
[COMBINED-LINEAR-SAMPLE-ENERGY] reachable=1 blocks=40
[L-EM2] compile arm=compiled in=2560 gram_diag_mean=6.663027e-01 h_norm=5.7536e+01
[L-R2] rank2 reachable=1 vtu_cross_max=4.875e-09
[COMBINED-LINEAR-SAMPLE-ENERGY] reachable=1 blocks=144
[L-EM2] compile arm=out-of-scope in=9216 gram_diag_mean=0.000000e+00 h_norm=0.0000e+00
[L-R2] rank2 reachable=1 vtu_cross_max=5.122e-09
[COMBINED-LINEAR-SAMPLE-ENERGY] reachable=1 blocks=40
[L-EM2] compile arm=compiled in=2560 gram_diag_mean=6.643277e-01 h_norm=1.3898e+02
[L-R2] rank2 reachable=1 vtu_cross_max=2.794e-09
[COMBINED-LINEAR-SAMPLE-ENERGY] reachable=1 blocks=40
[L-EM2] compile arm=compiled in=2560 gram_diag_mean=1.677859e-01 h_norm=3.9376e+01
[L-R2] rank2 reachable=1 vtu_cross_max=4.657e-09
[COMBINED-LINEAR-SAMPLE-ENERGY] reachable=1 blocks=40
[L-EM2] compile arm=compiled in=2560 gram_diag_mean=2.892851e-01 h_norm=4.4023e+01
[L-R2] rank2 reachable=1 vtu_cross_max=5.588e-09
[COMBINED-LINEAR-SAMPLE-ENERGY] reachable=1 blocks=64
[L-EM2] compile arm=compiled in=4096 gram_diag_mean=6.569073e-01 h_norm=1.2055e+02
[L-R2] rank2 reachable=1 vtu_cross_max=9.313e-09
[COMBINED-LINEAR-SAMPLE-ENERGY] reachable=1 blocks=40
[L-EM2] compile arm=compiled in=2560 gram_diag_mean=9.809051e-01 h_norm=1.4124e+02
[L-R2] rank2 reachable=1 vtu_cross_max=4.657e-09
[COMBINED-LINEAR-SAMPLE-ENERGY] reachable=1 blocks=40
[L-EM2] compile arm=compiled in=2560 gram_diag_mean=8.617746e-01 h_norm=8.0942e+01
[L-R2] rank2 reachable=1 vtu_cross_max=3.725e-09
[COMBINED-LINEAR-SAMPLE-ENERGY] reachable=1 blocks=144
[L-EM2] compile arm=out-of-scope in=9216 gram_diag_mean=0.000000e+00 h_norm=0.0000e+00
[L-R2] rank2 reachable=1 vtu_cross_max=6.519e-09
[COMBINED-LINEAR-SAMPLE-ENERGY] reachable=1 blocks=40
[L-EM2] compile arm=compiled in=2560 gram_diag_mean=5.807757e-01 h_norm=1.1540e+02
[L-R2] rank2 reachable=1 vtu_cross_max=3.725e-09
[COMBINED-LINEAR-SAMPLE-ENERGY] reachable=1 blocks=40
[L-EM2] compile arm=compiled in=2560 gram_diag_mean=4.872078e-01 h_norm=9.9251e+01
[L-R2] rank2 reachable=1 vtu_cross_max=4.657e-09
[COMBINED-LINEAR-SAMPLE-ENERGY] reachable=1 blocks=40
[L-EM2] compile arm=compiled in=2560 gram_diag_mean=7.258939e-01 h_norm=9.1313e+01
[L-R2] rank2 reachable=1 vtu_cross_max=2.561e-09
[COMBINED-LINEAR-SAMPLE-ENERGY] reachable=1 blocks=64
[L-EM2] compile arm=compiled in=4096 gram_diag_mean=5.060819e-01 h_norm=9.2945e+01
[L-R2] rank2 reachable=1 vtu_cross_max=1.024e-08
[COMBINED-LINEAR-SAMPLE-ENERGY] reachable=1 blocks=40
[L-EM2] compile arm=compiled in=2560 gram_diag_mean=8.414800e-01 h_norm=1.2865e+02
[L-R2] rank2 reachable=1 vtu_cross_max=2.794e-09
[COMBINED-LINEAR-SAMPLE-ENERGY] reachable=1 blocks=40
[L-EM2] compile arm=compiled in=2560 gram_diag_mean=7.609044e-01 h_norm=7.1765e+01
[L-R2] rank2 reachable=1 vtu_cross_max=3.260e-09
[COMBINED-LINEAR-SAMPLE-ENERGY] reachable=1 blocks=144
[L-EM2] compile arm=out-of-scope in=9216 gram_diag_mean=0.000000e+00 h_norm=0.0000e+00
[L-R2] rank2 reachable=1 vtu_cross_max=8.382e-09
[COMBINED-LINEAR-SAMPLE-ENERGY] reachable=1 blocks=40
[L-EM2] compile arm=compiled in=2560 gram_diag_mean=6.063445e-01 h_norm=1.7495e+02
[L-R2] rank2 reachable=1 vtu_cross_max=2.154e-09
[COMBINED-LINEAR-SAMPLE-ENERGY] reachable=1 blocks=40
[L-EM2] compile arm=compiled in=2560 gram_diag_mean=6.297785e-01 h_norm=1.4828e+02
[L-R2] rank2 reachable=1 vtu_cross_max=3.725e-09
[COMBINED-LINEAR-SAMPLE-ENERGY] reachable=1 blocks=40
[L-EM2] compile arm=compiled in=2560 gram_diag_mean=1.080649e+00 h_norm=1.3640e+02
[L-R2] rank2 reachable=1 vtu_cross_max=4.889e-09
[COMBINED-LINEAR-SAMPLE-ENERGY] reachable=1 blocks=64
[L-EM2] compile arm=compiled in=4096 gram_diag_mean=5.324391e-01 h_norm=8.4628e+01
[L-R2] rank2 reachable=1 vtu_cross_max=2.794e-09
[COMBINED-LINEAR-SAMPLE-ENERGY] reachable=1 blocks=40
[L-EM2] compile arm=compiled in=2560 gram_diag_mean=1.687704e+00 h_norm=3.0678e+02
[L-R2] rank2 reachable=1 vtu_cross_max=5.588e-09
[COMBINED-LINEAR-SAMPLE-ENERGY] reachable=1 blocks=40
[L-EM2] compile arm=compiled in=2560 gram_diag_mean=8.986146e-01 h_norm=8.5281e+01
[L-R2] rank2 reachable=1 vtu_cross_max=5.588e-09
[COMBINED-LINEAR-SAMPLE-ENERGY] reachable=1 blocks=144
[L-EM2] compile arm=out-of-scope in=9216 gram_diag_mean=0.000000e+00 h_norm=0.0000e+00
[L-EM2] dynamic arm=applied groups=640 passes=6 accepted_steps=96 accepted_groups=7499 changed=7266 rows=128 grad_mean=7.922e-02 error=-
[L-EM2] dynamic arm=applied groups=640 passes=6 accepted_steps=96 accepted_groups=5603 changed=5529 rows=128 grad_mean=8.036e-02 error=-
[L-EM2] dynamic arm=applied groups=640 passes=6 accepted_steps=96 accepted_groups=139695 changed=118730 rows=512 grad_mean=6.217e-02 error=-
[L-EM2] dynamic arm=applied groups=640 passes=6 accepted_steps=96 accepted_groups=128052 changed=108104 rows=512 grad_mean=5.942e-02 error=-
[L-EM2] dynamic arm=applied groups=640 passes=6 accepted_steps=96 accepted_groups=745 changed=745 rows=128 grad_mean=1.951e-01 error=-
[L-EM2] dynamic arm=applied groups=640 passes=6 accepted_steps=96 accepted_groups=621 changed=621 rows=128 grad_mean=1.864e-01 error=-
[L-EM2] dynamic arm=applied groups=1024 passes=6 accepted_steps=96 accepted_groups=1321345 changed=739254 rows=512 grad_mean=3.244e-04 error=-
[L-EM2] dynamic arm=applied groups=1024 passes=6 accepted_steps=96 accepted_groups=1342285 changed=749229 rows=512 grad_mean=3.246e-04 error=-
[L-EM2] dynamic arm=applied groups=640 passes=6 accepted_steps=96 accepted_groups=65966 changed=43635 rows=128 grad_mean=1.238e-02 error=-
[L-EM2] dynamic arm=applied groups=640 passes=6 accepted_steps=96 accepted_groups=65756 changed=43663 rows=128 grad_mean=1.158e-02 error=-
[L-EM2] dynamic arm=applied groups=640 passes=6 accepted_steps=96 accepted_groups=251876 changed=171462 rows=512 grad_mean=1.008e-02 error=-
[L-EM2] dynamic arm=applied groups=640 passes=6 accepted_steps=96 accepted_groups=247724 changed=169053 rows=512 grad_mean=9.685e-03 error=-
[L-EM2] dynamic arm=applied groups=640 passes=6 accepted_steps=96 accepted_groups=484981 changed=307909 rows=512 grad_mean=2.109e-02 error=-
[L-EM2] dynamic arm=applied groups=640 passes=6 accepted_steps=96 accepted_groups=471048 changed=299041 rows=512 grad_mean=2.126e-02 error=-
[L-EM2] dynamic arm=applied groups=640 passes=6 accepted_steps=96 accepted_groups=172576 changed=113658 rows=128 grad_mean=4.404e-03 error=-
[L-EM2] dynamic arm=applied groups=640 passes=6 accepted_steps=96 accepted_groups=175241 changed=114640 rows=128 grad_mean=4.294e-03 error=-
[L-EM2] dynamic arm=applied groups=640 passes=6 accepted_steps=96 accepted_groups=639839 changed=426059 rows=512 grad_mean=8.024e-03 error=-
[L-EM2] dynamic arm=applied groups=640 passes=6 accepted_steps=96 accepted_groups=624336 changed=417681 rows=512 grad_mean=8.011e-03 error=-
[L-EM2] dynamic arm=applied groups=1024 passes=6 accepted_steps=96 accepted_groups=346453 changed=203220 rows=128 grad_mean=2.079e-03 error=-
[L-EM2] dynamic arm=applied groups=1024 passes=6 accepted_steps=96 accepted_groups=340924 changed=201450 rows=128 grad_mean=1.965e-03 error=-
[L-EM2] dynamic arm=applied groups=640 passes=6 accepted_steps=96 accepted_groups=331804 changed=218474 rows=512 grad_mean=3.789e-02 error=-
[L-EM2] dynamic arm=applied groups=640 passes=6 accepted_steps=96 accepted_groups=319967 changed=209867 rows=512 grad_mean=3.819e-02 error=-
[L-EM2] dynamic arm=applied groups=640 passes=6 accepted_steps=96 accepted_groups=70313 changed=48525 rows=128 grad_mean=3.438e-02 error=-
[L-EM2] dynamic arm=applied groups=640 passes=6 accepted_steps=96 accepted_groups=70571 changed=48690 rows=128 grad_mean=3.306e-02 error=-
[L-EM2] dynamic arm=applied groups=640 passes=6 accepted_steps=96 accepted_groups=138012 changed=91999 rows=128 grad_mean=1.864e-02 error=-
[L-EM2] dynamic arm=applied groups=640 passes=6 accepted_steps=96 accepted_groups=139310 changed=92352 rows=128 grad_mean=1.781e-02 error=-
[L-EM2] dynamic arm=applied groups=640 passes=6 accepted_steps=96 accepted_groups=575778 changed=382407 rows=512 grad_mean=1.534e-02 error=-
[L-EM2] dynamic arm=applied groups=640 passes=6 accepted_steps=96 accepted_groups=557506 changed=371027 rows=512 grad_mean=1.485e-02 error=-
[L-EM2] dynamic arm=applied groups=640 passes=6 accepted_steps=96 accepted_groups=105736 changed=71476 rows=128 grad_mean=2.729e-02 error=-
[L-EM2] dynamic arm=applied groups=640 passes=6 accepted_steps=96 accepted_groups=107145 changed=72623 rows=128 grad_mean=2.617e-02 error=-
[L-EM2] dynamic arm=applied groups=1024 passes=6 accepted_steps=96 accepted_groups=1303818 changed=795803 rows=512 grad_mean=1.038e-03 error=-
[L-EM2] dynamic arm=applied groups=1024 passes=6 accepted_steps=96 accepted_groups=1311937 changed=798573 rows=512 grad_mean=1.012e-03 error=-
[L-EM2] dynamic arm=applied groups=640 passes=6 accepted_steps=96 accepted_groups=87941 changed=57112 rows=128 grad_mean=2.973e-02 error=-
[L-EM2] dynamic arm=applied groups=640 passes=6 accepted_steps=96 accepted_groups=90153 changed=58579 rows=128 grad_mean=2.866e-02 error=-
[L-EM2] dynamic arm=applied groups=640 passes=6 accepted_steps=96 accepted_groups=295834 changed=198743 rows=512 grad_mean=2.884e-02 error=-
[L-EM2] dynamic arm=applied groups=640 passes=6 accepted_steps=96 accepted_groups=291519 changed=196075 rows=512 grad_mean=2.837e-02 error=-
[L-EM2] dynamic arm=applied groups=640 passes=6 accepted_steps=96 accepted_groups=540752 changed=364881 rows=512 grad_mean=4.420e-02 error=-
[L-EM2] dynamic arm=applied groups=640 passes=6 accepted_steps=96 accepted_groups=527242 changed=354694 rows=512 grad_mean=4.257e-02 error=-
[L-EM2] dynamic arm=applied groups=640 passes=6 accepted_steps=96 accepted_groups=154921 changed=97495 rows=128 grad_mean=3.089e-02 error=-
[L-EM2] dynamic arm=applied groups=640 passes=6 accepted_steps=96 accepted_groups=153126 changed=97169 rows=128 grad_mean=3.152e-02 error=-
[L-EM2] dynamic arm=applied groups=640 passes=6 accepted_steps=96 accepted_groups=416675 changed=276370 rows=512 grad_mean=5.505e-02 error=-
[L-EM2] dynamic arm=applied groups=640 passes=6 accepted_steps=96 accepted_groups=404644 changed=268629 rows=512 grad_mean=5.591e-02 error=-
[L-EM2] dynamic arm=applied groups=1024 passes=6 accepted_steps=96 accepted_groups=379674 changed=227154 rows=128 grad_mean=2.256e-03 error=-
[L-EM2] dynamic arm=applied groups=1024 passes=6 accepted_steps=96 accepted_groups=391445 changed=231731 rows=128 grad_mean=2.368e-03 error=-
[L-EM2] dynamic arm=applied groups=640 passes=6 accepted_steps=96 accepted_groups=336960 changed=213795 rows=512 grad_mean=8.658e-02 error=-
[L-EM2] dynamic arm=applied groups=640 passes=6 accepted_steps=96 accepted_groups=324177 changed=203782 rows=512 grad_mean=8.864e-02 error=-
[L-EM2] dynamic arm=applied groups=640 passes=6 accepted_steps=96 accepted_groups=75506 changed=50124 rows=128 grad_mean=5.371e-02 error=-
[L-EM2] dynamic arm=applied groups=640 passes=6 accepted_steps=96 accepted_groups=74583 changed=49665 rows=128 grad_mean=5.403e-02 error=-
[L-R2] rank2 reachable=1 vtu_cross_max=2.445e-09
[COMBINED-LINEAR-SAMPLE-ENERGY] reachable=1 blocks=40
[L-EM2] compile arm=compiled in=2560 gram_diag_mean=3.739544e-01 h_norm=1.2646e+01
[L-R2] rank2 reachable=1 vtu_cross_max=3.725e-09
[COMBINED-LINEAR-SAMPLE-ENERGY] reachable=1 blocks=40
[L-EM2] compile arm=compiled in=2560 gram_diag_mean=3.609391e-01 h_norm=4.7984e+01
[L-R2] rank2 reachable=1 vtu_cross_max=3.260e-09
[COMBINED-LINEAR-SAMPLE-ENERGY] reachable=1 blocks=40
[L-EM2] compile arm=compiled in=2560 gram_diag_mean=7.580103e-01 h_norm=9.0512e+01
[L-R2] rank2 reachable=1 vtu_cross_max=5.588e-09
[COMBINED-LINEAR-SAMPLE-ENERGY] reachable=1 blocks=64
[L-EM2] compile arm=compiled in=4096 gram_diag_mean=4.892622e-01 h_norm=9.9974e+01
[L-R2] rank2 reachable=1 vtu_cross_max=6.054e-09
[COMBINED-LINEAR-SAMPLE-ENERGY] reachable=1 blocks=40
[L-EM2] compile arm=compiled in=2560 gram_diag_mean=7.872699e-01 h_norm=8.2960e+01
[L-R2] rank2 reachable=1 vtu_cross_max=6.519e-09
[COMBINED-LINEAR-SAMPLE-ENERGY] reachable=1 blocks=40
[L-EM2] compile arm=compiled in=2560 gram_diag_mean=6.648925e-01 h_norm=5.7859e+01
[L-R2] rank2 reachable=1 vtu_cross_max=2.328e-09
[COMBINED-LINEAR-SAMPLE-ENERGY] reachable=1 blocks=144
[L-EM2] compile arm=out-of-scope in=9216 gram_diag_mean=0.000000e+00 h_norm=0.0000e+00
[L-R2] rank2 reachable=1 vtu_cross_max=8.615e-09
[COMBINED-LINEAR-SAMPLE-ENERGY] reachable=1 blocks=40
[L-EM2] compile arm=compiled in=2560 gram_diag_mean=3.921230e-01 h_norm=6.5740e+01
[L-R2] rank2 reachable=1 vtu_cross_max=5.763e-09
[COMBINED-LINEAR-SAMPLE-ENERGY] reachable=1 blocks=40
[L-EM2] compile arm=compiled in=2560 gram_diag_mean=4.828611e-01 h_norm=8.4909e+01
[L-R2] rank2 reachable=1 vtu_cross_max=1.863e-09
[COMBINED-LINEAR-SAMPLE-ENERGY] reachable=1 blocks=40
[L-EM2] compile arm=compiled in=2560 gram_diag_mean=7.158596e-01 h_norm=7.9108e+01
[L-R2] rank2 reachable=1 vtu_cross_max=9.313e-10
[COMBINED-LINEAR-SAMPLE-ENERGY] reachable=1 blocks=64
[L-EM2] compile arm=compiled in=4096 gram_diag_mean=5.006653e-01 h_norm=8.6517e+01
[L-R2] rank2 reachable=1 vtu_cross_max=3.725e-09
[COMBINED-LINEAR-SAMPLE-ENERGY] reachable=1 blocks=40
[L-EM2] compile arm=compiled in=2560 gram_diag_mean=9.527178e-01 h_norm=1.2981e+02
[L-R2] rank2 reachable=1 vtu_cross_max=7.916e-09
[COMBINED-LINEAR-SAMPLE-ENERGY] reachable=1 blocks=40
[L-EM2] compile arm=compiled in=2560 gram_diag_mean=6.387160e-01 h_norm=5.4860e+01
[L-R2] rank2 reachable=1 vtu_cross_max=4.657e-09
[COMBINED-LINEAR-SAMPLE-ENERGY] reachable=1 blocks=144
[L-EM2] compile arm=out-of-scope in=9216 gram_diag_mean=0.000000e+00 h_norm=0.0000e+00
[L-R2] rank2 reachable=1 vtu_cross_max=1.164e-09
[COMBINED-LINEAR-SAMPLE-ENERGY] reachable=1 blocks=40
[L-EM2] compile arm=compiled in=2560 gram_diag_mean=7.014470e-01 h_norm=1.4711e+02
[L-R2] rank2 reachable=1 vtu_cross_max=3.725e-09
[COMBINED-LINEAR-SAMPLE-ENERGY] reachable=1 blocks=40
[L-EM2] compile arm=compiled in=2560 gram_diag_mean=1.716635e-01 h_norm=4.4128e+01
[L-R2] rank2 reachable=1 vtu_cross_max=1.164e-08
[COMBINED-LINEAR-SAMPLE-ENERGY] reachable=1 blocks=40
[L-EM2] compile arm=compiled in=2560 gram_diag_mean=2.982883e-01 h_norm=5.0044e+01
[L-R2] rank2 reachable=1 vtu_cross_max=5.588e-09
[COMBINED-LINEAR-SAMPLE-ENERGY] reachable=1 blocks=64
[L-EM2] compile arm=compiled in=4096 gram_diag_mean=5.510036e-01 h_norm=9.7686e+01
[L-R2] rank2 reachable=1 vtu_cross_max=1.048e-08
[COMBINED-LINEAR-SAMPLE-ENERGY] reachable=1 blocks=40
[L-EM2] compile arm=compiled in=2560 gram_diag_mean=1.337850e+00 h_norm=1.9537e+02
[L-R2] rank2 reachable=1 vtu_cross_max=5.122e-09
[COMBINED-LINEAR-SAMPLE-ENERGY] reachable=1 blocks=40
[L-EM2] compile arm=compiled in=2560 gram_diag_mean=7.640371e-01 h_norm=6.6008e+01
[L-R2] rank2 reachable=1 vtu_cross_max=4.424e-09
[COMBINED-LINEAR-SAMPLE-ENERGY] reachable=1 blocks=144
[L-EM2] compile arm=out-of-scope in=9216 gram_diag_mean=0.000000e+00 h_norm=0.0000e+00
[L-R2] rank2 reachable=1 vtu_cross_max=7.451e-09
[COMBINED-LINEAR-SAMPLE-ENERGY] reachable=1 blocks=40
[L-EM2] compile arm=compiled in=2560 gram_diag_mean=5.027320e-01 h_norm=8.7243e+01
[L-R2] rank2 reachable=1 vtu_cross_max=1.397e-09
[COMBINED-LINEAR-SAMPLE-ENERGY] reachable=1 blocks=40
[L-EM2] compile arm=compiled in=2560 gram_diag_mean=5.528332e-01 h_norm=1.1706e+02
[L-R2] rank2 reachable=1 vtu_cross_max=7.334e-09
[COMBINED-LINEAR-SAMPLE-ENERGY] reachable=1 blocks=40
[L-EM2] compile arm=compiled in=2560 gram_diag_mean=8.567174e-01 h_norm=1.0118e+02
[L-R2] rank2 reachable=1 vtu_cross_max=1.397e-09
[COMBINED-LINEAR-SAMPLE-ENERGY] reachable=1 blocks=64
[L-EM2] compile arm=compiled in=4096 gram_diag_mean=5.861745e-01 h_norm=9.9500e+01
[L-R2] rank2 reachable=1 vtu_cross_max=7.451e-09
[COMBINED-LINEAR-SAMPLE-ENERGY] reachable=1 blocks=40
[L-EM2] compile arm=compiled in=2560 gram_diag_mean=1.736063e+00 h_norm=3.2425e+02
[L-R2] rank2 reachable=1 vtu_cross_max=6.519e-09
[COMBINED-LINEAR-SAMPLE-ENERGY] reachable=1 blocks=40
[L-EM2] compile arm=compiled in=2560 gram_diag_mean=9.521372e-01 h_norm=9.1442e+01
[L-R2] rank2 reachable=1 vtu_cross_max=5.821e-09
[COMBINED-LINEAR-SAMPLE-ENERGY] reachable=1 blocks=144
[L-EM2] compile arm=out-of-scope in=9216 gram_diag_mean=0.000000e+00 h_norm=0.0000e+00
[L-EM2] dynamic arm=applied groups=640 passes=6 accepted_steps=96 accepted_groups=554825 changed=362586 rows=512 grad_mean=6.987e-03 error=-
[L-EM2] dynamic arm=applied groups=640 passes=6 accepted_steps=96 accepted_groups=563088 changed=367993 rows=512 grad_mean=6.567e-03 error=-
[L-EM2] dynamic arm=applied groups=640 passes=6 accepted_steps=96 accepted_groups=140191 changed=86052 rows=128 grad_mean=7.922e-03 error=-
[L-EM2] dynamic arm=applied groups=640 passes=6 accepted_steps=96 accepted_groups=140959 changed=87040 rows=128 grad_mean=7.511e-03 error=-
[L-EM2] dynamic arm=applied groups=640 passes=6 accepted_steps=96 accepted_groups=446986 changed=263509 rows=512 grad_mean=1.593e-02 error=-
[L-EM2] dynamic arm=applied groups=640 passes=6 accepted_steps=96 accepted_groups=446569 changed=263683 rows=512 grad_mean=1.492e-02 error=-
[L-EM2] dynamic arm=applied groups=1024 passes=6 accepted_steps=96 accepted_groups=389018 changed=219647 rows=128 grad_mean=4.138e-04 error=-
[L-EM2] dynamic arm=applied groups=1024 passes=6 accepted_steps=96 accepted_groups=378561 changed=215921 rows=128 grad_mean=3.928e-04 error=-
[L-EM2] dynamic arm=applied groups=640 passes=6 accepted_steps=96 accepted_groups=291115 changed=165019 rows=512 grad_mean=1.588e-02 error=-
[L-EM2] dynamic arm=applied groups=640 passes=6 accepted_steps=96 accepted_groups=289895 changed=163453 rows=512 grad_mean=1.522e-02 error=-
[L-EM2] dynamic arm=applied groups=640 passes=6 accepted_steps=96 accepted_groups=66278 changed=44901 rows=128 grad_mean=1.447e-02 error=-
[L-EM2] dynamic arm=applied groups=640 passes=6 accepted_steps=96 accepted_groups=65820 changed=44708 rows=128 grad_mean=1.390e-02 error=-
[L-EM2] dynamic arm=applied groups=640 passes=6 accepted_steps=96 accepted_groups=151018 changed=93060 rows=128 grad_mean=1.363e-02 error=-
[L-EM2] dynamic arm=applied groups=640 passes=6 accepted_steps=96 accepted_groups=151049 changed=92679 rows=128 grad_mean=1.322e-02 error=-
[L-EM2] dynamic arm=applied groups=640 passes=6 accepted_steps=96 accepted_groups=615064 changed=387651 rows=512 grad_mean=1.492e-02 error=-
[L-EM2] dynamic arm=applied groups=640 passes=6 accepted_steps=96 accepted_groups=607875 changed=384157 rows=512 grad_mean=1.419e-02 error=-
[L-EM2] dynamic arm=applied groups=640 passes=6 accepted_steps=96 accepted_groups=110005 changed=66328 rows=128 grad_mean=2.773e-02 error=-
[L-EM2] dynamic arm=applied groups=640 passes=6 accepted_steps=96 accepted_groups=110726 changed=66865 rows=128 grad_mean=2.721e-02 error=-
[L-EM2] dynamic arm=applied groups=1024 passes=6 accepted_steps=96 accepted_groups=1244790 changed=710493 rows=512 grad_mean=1.763e-03 error=-
[L-EM2] dynamic arm=applied groups=1024 passes=6 accepted_steps=96 accepted_groups=1201818 changed=689257 rows=512 grad_mean=1.637e-03 error=-
[L-EM2] dynamic arm=applied groups=640 passes=6 accepted_steps=96 accepted_groups=80870 changed=47582 rows=128 grad_mean=3.633e-02 error=-
[L-EM2] dynamic arm=applied groups=640 passes=6 accepted_steps=96 accepted_groups=81895 changed=48172 rows=128 grad_mean=3.567e-02 error=-
[L-EM2] dynamic arm=applied groups=640 passes=6 accepted_steps=96 accepted_groups=295039 changed=177796 rows=512 grad_mean=2.489e-02 error=-
[L-EM2] dynamic arm=applied groups=640 passes=6 accepted_steps=96 accepted_groups=293290 changed=176074 rows=512 grad_mean=2.395e-02 error=-
[L-EM2] dynamic arm=applied groups=640 passes=6 accepted_steps=96 accepted_groups=529264 changed=322229 rows=512 grad_mean=2.710e-02 error=-
[L-EM2] dynamic arm=applied groups=640 passes=6 accepted_steps=96 accepted_groups=503839 changed=308364 rows=512 grad_mean=2.678e-02 error=-
[L-EM2] dynamic arm=applied groups=640 passes=6 accepted_steps=96 accepted_groups=154282 changed=100391 rows=128 grad_mean=8.662e-03 error=-
[L-EM2] dynamic arm=applied groups=640 passes=6 accepted_steps=96 accepted_groups=156013 changed=101133 rows=128 grad_mean=8.462e-03 error=-
[L-EM2] dynamic arm=applied groups=640 passes=6 accepted_steps=96 accepted_groups=701376 changed=441874 rows=512 grad_mean=1.061e-02 error=-
[L-EM2] dynamic arm=applied groups=640 passes=6 accepted_steps=96 accepted_groups=680858 changed=431344 rows=512 grad_mean=1.070e-02 error=-
[L-EM2] dynamic arm=applied groups=1024 passes=6 accepted_steps=96 accepted_groups=349019 changed=195107 rows=128 grad_mean=2.176e-03 error=-
[L-EM2] dynamic arm=applied groups=1024 passes=6 accepted_steps=96 accepted_groups=354715 changed=197378 rows=128 grad_mean=2.210e-03 error=-
[L-EM2] dynamic arm=applied groups=640 passes=6 accepted_steps=96 accepted_groups=365295 changed=202341 rows=512 grad_mean=6.455e-02 error=-
[L-EM2] dynamic arm=applied groups=640 passes=6 accepted_steps=96 accepted_groups=355476 changed=194742 rows=512 grad_mean=6.545e-02 error=-
[L-EM2] dynamic arm=applied groups=640 passes=6 accepted_steps=96 accepted_groups=72514 changed=48969 rows=128 grad_mean=3.892e-02 error=-
[L-EM2] dynamic arm=applied groups=640 passes=6 accepted_steps=96 accepted_groups=71548 changed=48454 rows=128 grad_mean=3.842e-02 error=-
[L-EM2] dynamic arm=applied groups=640 passes=6 accepted_steps=96 accepted_groups=162651 changed=97440 rows=128 grad_mean=2.450e-02 error=-
[L-EM2] dynamic arm=applied groups=640 passes=6 accepted_steps=96 accepted_groups=163308 changed=97590 rows=128 grad_mean=2.467e-02 error=-
[L-EM2] dynamic arm=applied groups=640 passes=6 accepted_steps=96 accepted_groups=496642 changed=299335 rows=512 grad_mean=3.534e-02 error=-
[L-EM2] dynamic arm=applied groups=640 passes=6 accepted_steps=96 accepted_groups=483792 changed=293295 rows=512 grad_mean=3.608e-02 error=-
[L-EM2] dynamic arm=applied groups=640 passes=6 accepted_steps=96 accepted_groups=111874 changed=63267 rows=128 grad_mean=4.983e-02 error=-
[L-EM2] dynamic arm=applied groups=640 passes=6 accepted_steps=96 accepted_groups=111990 changed=63148 rows=128 grad_mean=5.083e-02 error=-
[L-EM2] dynamic arm=applied groups=1024 passes=6 accepted_steps=96 accepted_groups=1410727 changed=775488 rows=512 grad_mean=3.423e-03 error=-
[L-EM2] dynamic arm=applied groups=1024 passes=6 accepted_steps=96 accepted_groups=1421897 changed=782242 rows=512 grad_mean=3.607e-03 error=-
[L-EM2] dynamic arm=applied groups=640 passes=6 accepted_steps=96 accepted_groups=66361 changed=37525 rows=128 grad_mean=1.232e-01 error=-
[L-EM2] dynamic arm=applied groups=640 passes=6 accepted_steps=96 accepted_groups=66480 changed=36690 rows=128 grad_mean=1.198e-01 error=-
[L-EM2] dynamic arm=applied groups=640 passes=6 accepted_steps=96 accepted_groups=343696 changed=180104 rows=512 grad_mean=5.682e-02 error=-
[L-EM2] dynamic arm=applied groups=640 passes=6 accepted_steps=96 accepted_groups=336303 changed=176170 rows=512 grad_mean=5.827e-02 error=-
[L-R2] rank2 reachable=1 vtu_cross_max=2.445e-09
[COMBINED-LINEAR-SAMPLE-ENERGY] reachable=1 blocks=40
[L-EM2] compile arm=compiled in=2560 gram_diag_mean=3.739544e-01 h_norm=1.2646e+01
[L-R2] rank2 reachable=1 vtu_cross_max=3.725e-09
[COMBINED-LINEAR-SAMPLE-ENERGY] reachable=1 blocks=40
[L-EM2] compile arm=compiled in=2560 gram_diag_mean=3.609391e-01 h_norm=4.7984e+01
[L-R2] rank2 reachable=1 vtu_cross_max=3.260e-09
[COMBINED-LINEAR-SAMPLE-ENERGY] reachable=1 blocks=40
[L-EM2] compile arm=compiled in=2560 gram_diag_mean=7.580103e-01 h_norm=9.0512e+01
[L-R2] rank2 reachable=1 vtu_cross_max=5.588e-09
[COMBINED-LINEAR-SAMPLE-ENERGY] reachable=1 blocks=64
[L-EM2] compile arm=compiled in=4096 gram_diag_mean=4.892622e-01 h_norm=9.9974e+01
[L-R2] rank2 reachable=1 vtu_cross_max=6.054e-09
[COMBINED-LINEAR-SAMPLE-ENERGY] reachable=1 blocks=40
[L-EM2] compile arm=compiled in=2560 gram_diag_mean=7.872699e-01 h_norm=8.2960e+01
[L-R2] rank2 reachable=1 vtu_cross_max=6.519e-09
[COMBINED-LINEAR-SAMPLE-ENERGY] reachable=1 blocks=40
[L-EM2] compile arm=compiled in=2560 gram_diag_mean=6.648925e-01 h_norm=5.7859e+01
[L-R2] rank2 reachable=1 vtu_cross_max=2.328e-09
[COMBINED-LINEAR-SAMPLE-ENERGY] reachable=1 blocks=144
[L-EM2] compile arm=out-of-scope in=9216 gram_diag_mean=0.000000e+00 h_norm=0.0000e+00
[L-R2] rank2 reachable=1 vtu_cross_max=8.615e-09
[COMBINED-LINEAR-SAMPLE-ENERGY] reachable=1 blocks=40
[L-EM2] compile arm=compiled in=2560 gram_diag_mean=3.921230e-01 h_norm=6.5740e+01
[L-R2] rank2 reachable=1 vtu_cross_max=5.763e-09
[COMBINED-LINEAR-SAMPLE-ENERGY] reachable=1 blocks=40
[L-EM2] compile arm=compiled in=2560 gram_diag_mean=4.828611e-01 h_norm=8.4909e+01
[L-R2] rank2 reachable=1 vtu_cross_max=1.863e-09
[COMBINED-LINEAR-SAMPLE-ENERGY] reachable=1 blocks=40
[L-EM2] compile arm=compiled in=2560 gram_diag_mean=7.158596e-01 h_norm=7.9108e+01
[L-R2] rank2 reachable=1 vtu_cross_max=9.313e-10
[COMBINED-LINEAR-SAMPLE-ENERGY] reachable=1 blocks=64
[L-EM2] compile arm=compiled in=4096 gram_diag_mean=5.006653e-01 h_norm=8.6517e+01
[L-R2] rank2 reachable=1 vtu_cross_max=3.725e-09
[COMBINED-LINEAR-SAMPLE-ENERGY] reachable=1 blocks=40
[L-EM2] compile arm=compiled in=2560 gram_diag_mean=9.527178e-01 h_norm=1.2981e+02
[L-R2] rank2 reachable=1 vtu_cross_max=7.916e-09
[COMBINED-LINEAR-SAMPLE-ENERGY] reachable=1 blocks=40
[L-EM2] compile arm=compiled in=2560 gram_diag_mean=6.387160e-01 h_norm=5.4860e+01
[L-R2] rank2 reachable=1 vtu_cross_max=4.657e-09
[COMBINED-LINEAR-SAMPLE-ENERGY] reachable=1 blocks=144
[L-EM2] compile arm=out-of-scope in=9216 gram_diag_mean=0.000000e+00 h_norm=0.0000e+00
[L-R2] rank2 reachable=1 vtu_cross_max=1.164e-09
[COMBINED-LINEAR-SAMPLE-ENERGY] reachable=1 blocks=40
[L-EM2] compile arm=compiled in=2560 gram_diag_mean=7.014470e-01 h_norm=1.4711e+02
[L-R2] rank2 reachable=1 vtu_cross_max=3.725e-09
[COMBINED-LINEAR-SAMPLE-ENERGY] reachable=1 blocks=40
[L-EM2] compile arm=compiled in=2560 gram_diag_mean=1.716635e-01 h_norm=4.4128e+01
[L-R2] rank2 reachable=1 vtu_cross_max=1.164e-08
[COMBINED-LINEAR-SAMPLE-ENERGY] reachable=1 blocks=40
[L-EM2] compile arm=compiled in=2560 gram_diag_mean=2.982883e-01 h_norm=5.0044e+01
[L-R2] rank2 reachable=1 vtu_cross_max=5.588e-09
[COMBINED-LINEAR-SAMPLE-ENERGY] reachable=1 blocks=64
[L-EM2] compile arm=compiled in=4096 gram_diag_mean=5.510036e-01 h_norm=9.7686e+01
[L-R2] rank2 reachable=1 vtu_cross_max=1.048e-08
[COMBINED-LINEAR-SAMPLE-ENERGY] reachable=1 blocks=40
[L-EM2] compile arm=compiled in=2560 gram_diag_mean=1.337850e+00 h_norm=1.9537e+02
[L-R2] rank2 reachable=1 vtu_cross_max=5.122e-09
[COMBINED-LINEAR-SAMPLE-ENERGY] reachable=1 blocks=40
[L-EM2] compile arm=compiled in=2560 gram_diag_mean=7.640371e-01 h_norm=6.6008e+01
[L-R2] rank2 reachable=1 vtu_cross_max=4.424e-09
[COMBINED-LINEAR-SAMPLE-ENERGY] reachable=1 blocks=144
[L-EM2] compile arm=out-of-scope in=9216 gram_diag_mean=0.000000e+00 h_norm=0.0000e+00
[L-R2] rank2 reachable=1 vtu_cross_max=7.451e-09
[COMBINED-LINEAR-SAMPLE-ENERGY] reachable=1 blocks=40
[L-EM2] compile arm=compiled in=2560 gram_diag_mean=5.027320e-01 h_norm=8.7243e+01
[L-R2] rank2 reachable=1 vtu_cross_max=1.397e-09
[COMBINED-LINEAR-SAMPLE-ENERGY] reachable=1 blocks=40
[L-EM2] compile arm=compiled in=2560 gram_diag_mean=5.528332e-01 h_norm=1.1706e+02
[L-R2] rank2 reachable=1 vtu_cross_max=7.334e-09
[COMBINED-LINEAR-SAMPLE-ENERGY] reachable=1 blocks=40
[L-EM2] compile arm=compiled in=2560 gram_diag_mean=8.567174e-01 h_norm=1.0118e+02
[L-R2] rank2 reachable=1 vtu_cross_max=1.397e-09
[COMBINED-LINEAR-SAMPLE-ENERGY] reachable=1 blocks=64
[L-EM2] compile arm=compiled in=4096 gram_diag_mean=5.861745e-01 h_norm=9.9500e+01
[L-R2] rank2 reachable=1 vtu_cross_max=7.451e-09
[COMBINED-LINEAR-SAMPLE-ENERGY] reachable=1 blocks=40
[L-EM2] compile arm=compiled in=2560 gram_diag_mean=1.736063e+00 h_norm=3.2425e+02
[L-R2] rank2 reachable=1 vtu_cross_max=6.519e-09
[COMBINED-LINEAR-SAMPLE-ENERGY] reachable=1 blocks=40
[L-EM2] compile arm=compiled in=2560 gram_diag_mean=9.521372e-01 h_norm=9.1442e+01
[L-R2] rank2 reachable=1 vtu_cross_max=5.821e-09
[COMBINED-LINEAR-SAMPLE-ENERGY] reachable=1 blocks=144
[L-EM2] compile arm=out-of-scope in=9216 gram_diag_mean=0.000000e+00 h_norm=0.0000e+00
[L-EM2] dynamic arm=applied groups=640 passes=6 accepted_steps=96 accepted_groups=541836 changed=360209 rows=512 grad_mean=6.957e-03 error=-
[L-EM2] dynamic arm=applied groups=640 passes=6 accepted_steps=96 accepted_groups=551892 changed=366776 rows=512 grad_mean=6.547e-03 error=-
[L-EM2] dynamic arm=applied groups=640 passes=6 accepted_steps=96 accepted_groups=124345 changed=84730 rows=128 grad_mean=7.173e-03 error=-
[L-EM2] dynamic arm=applied groups=640 passes=6 accepted_steps=96 accepted_groups=125738 changed=85313 rows=128 grad_mean=6.821e-03 error=-
[L-EM2] dynamic arm=applied groups=640 passes=6 accepted_steps=96 accepted_groups=391776 changed=262567 rows=512 grad_mean=1.475e-02 error=-
[L-EM2] dynamic arm=applied groups=640 passes=6 accepted_steps=96 accepted_groups=392420 changed=262821 rows=512 grad_mean=1.378e-02 error=-
[L-EM2] dynamic arm=applied groups=1024 passes=6 accepted_steps=96 accepted_groups=453554 changed=246479 rows=128 grad_mean=2.980e-04 error=-
[L-EM2] dynamic arm=applied groups=1024 passes=6 accepted_steps=96 accepted_groups=445901 changed=244503 rows=128 grad_mean=2.701e-04 error=-
[L-EM2] dynamic arm=applied groups=640 passes=6 accepted_steps=96 accepted_groups=266179 changed=175661 rows=512 grad_mean=1.532e-02 error=-
[L-EM2] dynamic arm=applied groups=640 passes=6 accepted_steps=96 accepted_groups=263085 changed=173897 rows=512 grad_mean=1.468e-02 error=-
[L-EM2] dynamic arm=applied groups=640 passes=6 accepted_steps=96 accepted_groups=65933 changed=44929 rows=128 grad_mean=1.445e-02 error=-
[L-EM2] dynamic arm=applied groups=640 passes=6 accepted_steps=96 accepted_groups=65661 changed=44945 rows=128 grad_mean=1.389e-02 error=-
[L-EM2] dynamic arm=applied groups=640 passes=6 accepted_steps=96 accepted_groups=137091 changed=91392 rows=128 grad_mean=1.242e-02 error=-
[L-EM2] dynamic arm=applied groups=640 passes=6 accepted_steps=96 accepted_groups=136811 changed=91278 rows=128 grad_mean=1.217e-02 error=-
[L-EM2] dynamic arm=applied groups=640 passes=6 accepted_steps=96 accepted_groups=569348 changed=379249 rows=512 grad_mean=1.416e-02 error=-
[L-EM2] dynamic arm=applied groups=640 passes=6 accepted_steps=96 accepted_groups=565175 changed=376730 rows=512 grad_mean=1.345e-02 error=-
[L-EM2] dynamic arm=applied groups=640 passes=6 accepted_steps=96 accepted_groups=99685 changed=67906 rows=128 grad_mean=2.650e-02 error=-
[L-EM2] dynamic arm=applied groups=640 passes=6 accepted_steps=96 accepted_groups=100130 changed=68180 rows=128 grad_mean=2.597e-02 error=-
[L-EM2] dynamic arm=applied groups=1024 passes=6 accepted_steps=96 accepted_groups=1288528 changed=801598 rows=512 grad_mean=1.024e-03 error=-
[L-EM2] dynamic arm=applied groups=1024 passes=6 accepted_steps=96 accepted_groups=1255168 changed=784794 rows=512 grad_mean=9.484e-04 error=-
[L-EM2] dynamic arm=applied groups=640 passes=6 accepted_steps=96 accepted_groups=75523 changed=49971 rows=128 grad_mean=3.520e-02 error=-
[L-EM2] dynamic arm=applied groups=640 passes=6 accepted_steps=96 accepted_groups=76607 changed=50254 rows=128 grad_mean=3.451e-02 error=-
[L-EM2] dynamic arm=applied groups=640 passes=6 accepted_steps=96 accepted_groups=269610 changed=186937 rows=512 grad_mean=2.442e-02 error=-
[L-EM2] dynamic arm=applied groups=640 passes=6 accepted_steps=96 accepted_groups=266233 changed=184848 rows=512 grad_mean=2.348e-02 error=-
[L-EM2] dynamic arm=applied groups=640 passes=6 accepted_steps=96 accepted_groups=544289 changed=336224 rows=512 grad_mean=2.463e-02 error=-
[L-EM2] dynamic arm=applied groups=640 passes=6 accepted_steps=96 accepted_groups=515105 changed=318955 rows=512 grad_mean=2.469e-02 error=-
[L-EM2] dynamic arm=applied groups=640 passes=6 accepted_steps=96 accepted_groups=185777 changed=118180 rows=128 grad_mean=4.570e-03 error=-
[L-EM2] dynamic arm=applied groups=640 passes=6 accepted_steps=96 accepted_groups=185694 changed=118609 rows=128 grad_mean=4.544e-03 error=-
[L-EM2] dynamic arm=applied groups=640 passes=6 accepted_steps=96 accepted_groups=631504 changed=422181 rows=512 grad_mean=8.889e-03 error=-
[L-EM2] dynamic arm=applied groups=640 passes=6 accepted_steps=96 accepted_groups=611182 changed=411701 rows=512 grad_mean=8.940e-03 error=-
[L-EM2] dynamic arm=applied groups=1024 passes=6 accepted_steps=96 accepted_groups=346337 changed=207080 rows=128 grad_mean=1.498e-03 error=-
[L-EM2] dynamic arm=applied groups=1024 passes=6 accepted_steps=96 accepted_groups=347167 changed=207344 rows=128 grad_mean=1.537e-03 error=-
[L-EM2] dynamic arm=applied groups=640 passes=6 accepted_steps=96 accepted_groups=329571 changed=212056 rows=512 grad_mean=6.036e-02 error=-
[L-EM2] dynamic arm=applied groups=640 passes=6 accepted_steps=96 accepted_groups=320036 changed=205132 rows=512 grad_mean=6.112e-02 error=-
[L-EM2] dynamic arm=applied groups=640 passes=6 accepted_steps=96 accepted_groups=71446 changed=48563 rows=128 grad_mean=3.891e-02 error=-
[L-EM2] dynamic arm=applied groups=640 passes=6 accepted_steps=96 accepted_groups=70975 changed=48444 rows=128 grad_mean=3.833e-02 error=-
[L-EM2] dynamic arm=applied groups=640 passes=6 accepted_steps=96 accepted_groups=139796 changed=93795 rows=128 grad_mean=2.272e-02 error=-
[L-EM2] dynamic arm=applied groups=640 passes=6 accepted_steps=96 accepted_groups=140485 changed=93802 rows=128 grad_mean=2.302e-02 error=-
[L-EM2] dynamic arm=applied groups=640 passes=6 accepted_steps=96 accepted_groups=554498 changed=366287 rows=512 grad_mean=2.274e-02 error=-
[L-EM2] dynamic arm=applied groups=640 passes=6 accepted_steps=96 accepted_groups=542150 changed=357868 rows=512 grad_mean=2.326e-02 error=-
[L-EM2] dynamic arm=applied groups=640 passes=6 accepted_steps=96 accepted_groups=101864 changed=68575 rows=128 grad_mean=4.376e-02 error=-
[L-EM2] dynamic arm=applied groups=640 passes=6 accepted_steps=96 accepted_groups=101113 changed=68200 rows=128 grad_mean=4.428e-02 error=-
[L-EM2] dynamic arm=applied groups=1024 passes=6 accepted_steps=96 accepted_groups=1526460 changed=895861 rows=512 grad_mean=2.098e-03 error=-
[L-EM2] dynamic arm=applied groups=1024 passes=6 accepted_steps=96 accepted_groups=1486916 changed=887077 rows=512 grad_mean=2.211e-03 error=-
[L-EM2] dynamic arm=applied groups=640 passes=6 accepted_steps=96 accepted_groups=81667 changed=50512 rows=128 grad_mean=9.735e-02 error=-
[L-EM2] dynamic arm=applied groups=640 passes=6 accepted_steps=96 accepted_groups=80061 changed=49928 rows=128 grad_mean=9.841e-02 error=-
[L-EM2] dynamic arm=applied groups=640 passes=6 accepted_steps=96 accepted_groups=282817 changed=190517 rows=512 grad_mean=5.334e-02 error=-
[L-EM2] dynamic arm=applied groups=640 passes=6 accepted_steps=96 accepted_groups=278610 changed=186733 rows=512 grad_mean=5.463e-02 error=-
[L-R2] rank2 reachable=1 vtu_cross_max=2.794e-09
[COMBINED-LINEAR-SAMPLE-ENERGY] reachable=1 blocks=40
[L-EM2] compile arm=compiled in=2560 gram_diag_mean=3.696114e-01 h_norm=5.2503e+01
[L-R2] rank2 reachable=1 vtu_cross_max=3.260e-09
[COMBINED-LINEAR-SAMPLE-ENERGY] reachable=1 blocks=40
[L-EM2] compile arm=compiled in=2560 gram_diag_mean=3.829067e-01 h_norm=5.3103e+01
[L-R2] rank2 reachable=1 vtu_cross_max=5.122e-09
[COMBINED-LINEAR-SAMPLE-ENERGY] reachable=1 blocks=40
[L-EM2] compile arm=compiled in=2560 gram_diag_mean=7.415828e-01 h_norm=8.7627e+01
[L-R2] rank2 reachable=1 vtu_cross_max=2.794e-09
[COMBINED-LINEAR-SAMPLE-ENERGY] reachable=1 blocks=64
[L-EM2] compile arm=compiled in=4096 gram_diag_mean=4.772808e-01 h_norm=9.2993e+01
[L-R2] rank2 reachable=1 vtu_cross_max=6.286e-09
[COMBINED-LINEAR-SAMPLE-ENERGY] reachable=1 blocks=40
[L-EM2] compile arm=compiled in=2560 gram_diag_mean=8.705633e-01 h_norm=9.6548e+01
[L-R2] rank2 reachable=1 vtu_cross_max=4.191e-09
[COMBINED-LINEAR-SAMPLE-ENERGY] reachable=1 blocks=40
[L-EM2] compile arm=compiled in=2560 gram_diag_mean=6.237417e-01 h_norm=5.1854e+01
[L-R2] rank2 reachable=1 vtu_cross_max=8.265e-09
[COMBINED-LINEAR-SAMPLE-ENERGY] reachable=1 blocks=144
[L-EM2] compile arm=out-of-scope in=9216 gram_diag_mean=0.000000e+00 h_norm=0.0000e+00
[L-R2] rank2 reachable=1 vtu_cross_max=4.889e-09
[COMBINED-LINEAR-SAMPLE-ENERGY] reachable=1 blocks=40
[L-EM2] compile arm=compiled in=2560 gram_diag_mean=4.179232e-01 h_norm=7.0294e+01
[L-R2] rank2 reachable=1 vtu_cross_max=2.794e-09
[COMBINED-LINEAR-SAMPLE-ENERGY] reachable=1 blocks=40
[L-EM2] compile arm=compiled in=2560 gram_diag_mean=4.660256e-01 h_norm=9.6731e+01
[L-R2] rank2 reachable=1 vtu_cross_max=2.794e-09
[COMBINED-LINEAR-SAMPLE-ENERGY] reachable=1 blocks=40
[L-EM2] compile arm=compiled in=2560 gram_diag_mean=7.613837e-01 h_norm=9.4352e+01
[L-R2] rank2 reachable=1 vtu_cross_max=1.071e-08
[COMBINED-LINEAR-SAMPLE-ENERGY] reachable=1 blocks=64
[L-EM2] compile arm=compiled in=4096 gram_diag_mean=4.301280e-01 h_norm=7.9725e+01
[L-R2] rank2 reachable=1 vtu_cross_max=2.794e-09
[COMBINED-LINEAR-SAMPLE-ENERGY] reachable=1 blocks=40
[L-EM2] compile arm=compiled in=2560 gram_diag_mean=9.807345e-01 h_norm=1.3815e+02
[L-R2] rank2 reachable=1 vtu_cross_max=6.519e-09
[COMBINED-LINEAR-SAMPLE-ENERGY] reachable=1 blocks=40
[L-EM2] compile arm=compiled in=2560 gram_diag_mean=6.636078e-01 h_norm=5.6951e+01
[L-R2] rank2 reachable=1 vtu_cross_max=4.278e-09
[COMBINED-LINEAR-SAMPLE-ENERGY] reachable=1 blocks=144
[L-EM2] compile arm=out-of-scope in=9216 gram_diag_mean=0.000000e+00 h_norm=0.0000e+00
[L-R2] rank2 reachable=1 vtu_cross_max=5.122e-09
[COMBINED-LINEAR-SAMPLE-ENERGY] reachable=1 blocks=40
[L-EM2] compile arm=compiled in=2560 gram_diag_mean=5.367022e-01 h_norm=1.0370e+02
[L-R2] rank2 reachable=1 vtu_cross_max=1.118e-08
[COMBINED-LINEAR-SAMPLE-ENERGY] reachable=1 blocks=40
[L-EM2] compile arm=compiled in=2560 gram_diag_mean=4.672832e-01 h_norm=8.7556e+01
[L-R2] rank2 reachable=1 vtu_cross_max=1.490e-08
[COMBINED-LINEAR-SAMPLE-ENERGY] reachable=1 blocks=40
[L-EM2] compile arm=compiled in=2560 gram_diag_mean=7.307148e-01 h_norm=9.1964e+01
[L-R2] rank2 reachable=1 vtu_cross_max=6.869e-09
[COMBINED-LINEAR-SAMPLE-ENERGY] reachable=1 blocks=64
[L-EM2] compile arm=compiled in=4096 gram_diag_mean=4.123951e-01 h_norm=7.1387e+01
[L-R2] rank2 reachable=1 vtu_cross_max=3.260e-09
[COMBINED-LINEAR-SAMPLE-ENERGY] reachable=1 blocks=40
[L-EM2] compile arm=compiled in=2560 gram_diag_mean=9.858856e-01 h_norm=1.6866e+02
[L-R2] rank2 reachable=1 vtu_cross_max=8.149e-10
[COMBINED-LINEAR-SAMPLE-ENERGY] reachable=1 blocks=40
[L-EM2] compile arm=compiled in=2560 gram_diag_mean=8.062710e-01 h_norm=7.8354e+01
[L-R2] rank2 reachable=1 vtu_cross_max=1.024e-08
[COMBINED-LINEAR-SAMPLE-ENERGY] reachable=1 blocks=144
[L-EM2] compile arm=out-of-scope in=9216 gram_diag_mean=0.000000e+00 h_norm=0.0000e+00
[L-R2] rank2 reachable=1 vtu_cross_max=5.122e-09
[COMBINED-LINEAR-SAMPLE-ENERGY] reachable=1 blocks=40
[L-EM2] compile arm=compiled in=2560 gram_diag_mean=6.015709e-01 h_norm=1.1494e+02
[L-R2] rank2 reachable=1 vtu_cross_max=4.424e-09
[COMBINED-LINEAR-SAMPLE-ENERGY] reachable=1 blocks=40
[L-EM2] compile arm=compiled in=2560 gram_diag_mean=1.452095e-01 h_norm=3.6293e+01
[L-R2] rank2 reachable=1 vtu_cross_max=9.779e-09
[COMBINED-LINEAR-SAMPLE-ENERGY] reachable=1 blocks=40
[L-EM2] compile arm=compiled in=2560 gram_diag_mean=4.481084e-01 h_norm=1.2644e+02
[L-R2] rank2 reachable=1 vtu_cross_max=6.985e-09
[COMBINED-LINEAR-SAMPLE-ENERGY] reachable=1 blocks=64
[L-EM2] compile arm=compiled in=4096 gram_diag_mean=6.989137e-01 h_norm=1.3233e+02
[L-R2] rank2 reachable=1 vtu_cross_max=1.071e-08
[COMBINED-LINEAR-SAMPLE-ENERGY] reachable=1 blocks=40
[L-EM2] compile arm=compiled in=2560 gram_diag_mean=1.745592e+00 h_norm=3.6958e+02
[L-R2] rank2 reachable=1 vtu_cross_max=7.451e-09
[COMBINED-LINEAR-SAMPLE-ENERGY] reachable=1 blocks=40
[L-EM2] compile arm=compiled in=2560 gram_diag_mean=1.121982e+00 h_norm=1.7379e+02
[L-R2] rank2 reachable=1 vtu_cross_max=8.615e-09
[COMBINED-LINEAR-SAMPLE-ENERGY] reachable=1 blocks=144
[L-EM2] compile arm=out-of-scope in=9216 gram_diag_mean=0.000000e+00 h_norm=0.0000e+00
[L-EM2] dynamic arm=applied groups=640 passes=6 accepted_steps=96 accepted_groups=145011 changed=90054 rows=128 grad_mean=9.552e-03 error=-
[L-EM2] dynamic arm=applied groups=640 passes=6 accepted_steps=96 accepted_groups=145191 changed=89821 rows=128 grad_mean=9.154e-03 error=-
[L-EM2] dynamic arm=applied groups=640 passes=6 accepted_steps=96 accepted_groups=568783 changed=352930 rows=512 grad_mean=9.343e-03 error=-
[L-EM2] dynamic arm=applied groups=640 passes=6 accepted_steps=96 accepted_groups=566345 changed=352110 rows=512 grad_mean=8.856e-03 error=-
[L-EM2] dynamic arm=applied groups=640 passes=6 accepted_steps=96 accepted_groups=111396 changed=67729 rows=128 grad_mean=2.086e-02 error=-
[L-EM2] dynamic arm=applied groups=640 passes=6 accepted_steps=96 accepted_groups=112183 changed=67600 rows=128 grad_mean=2.013e-02 error=-
[L-EM2] dynamic arm=applied groups=1024 passes=6 accepted_steps=96 accepted_groups=1499225 changed=824784 rows=512 grad_mean=4.965e-04 error=-
[L-EM2] dynamic arm=applied groups=1024 passes=6 accepted_steps=96 accepted_groups=1482044 changed=821641 rows=512 grad_mean=4.855e-04 error=-
[L-EM2] dynamic arm=applied groups=640 passes=6 accepted_steps=96 accepted_groups=74209 changed=44021 rows=128 grad_mean=2.214e-02 error=-
[L-EM2] dynamic arm=applied groups=640 passes=6 accepted_steps=96 accepted_groups=72160 changed=42822 rows=128 grad_mean=2.076e-02 error=-
[L-EM2] dynamic arm=applied groups=640 passes=6 accepted_steps=96 accepted_groups=261510 changed=179187 rows=512 grad_mean=1.524e-02 error=-
[L-EM2] dynamic arm=applied groups=640 passes=6 accepted_steps=96 accepted_groups=260129 changed=178110 rows=512 grad_mean=1.458e-02 error=-
[L-EM2] dynamic arm=applied groups=640 passes=6 accepted_steps=96 accepted_groups=615585 changed=385581 rows=512 grad_mean=1.367e-02 error=-
[L-EM2] dynamic arm=applied groups=640 passes=6 accepted_steps=96 accepted_groups=602782 changed=377522 rows=512 grad_mean=1.370e-02 error=-
[L-EM2] dynamic arm=applied groups=640 passes=6 accepted_steps=96 accepted_groups=167899 changed=102189 rows=128 grad_mean=1.645e-02 error=-
[L-EM2] dynamic arm=applied groups=640 passes=6 accepted_steps=96 accepted_groups=168746 changed=102265 rows=128 grad_mean=1.654e-02 error=-
[L-EM2] dynamic arm=applied groups=640 passes=6 accepted_steps=96 accepted_groups=465359 changed=283680 rows=512 grad_mean=2.765e-02 error=-
[L-EM2] dynamic arm=applied groups=640 passes=6 accepted_steps=96 accepted_groups=456810 changed=278023 rows=512 grad_mean=2.784e-02 error=-
[L-EM2] dynamic arm=applied groups=1024 passes=6 accepted_steps=96 accepted_groups=358655 changed=198652 rows=128 grad_mean=1.236e-03 error=-
[L-EM2] dynamic arm=applied groups=1024 passes=6 accepted_steps=96 accepted_groups=363014 changed=199251 rows=128 grad_mean=1.146e-03 error=-
[L-EM2] dynamic arm=applied groups=640 passes=6 accepted_steps=96 accepted_groups=312159 changed=195538 rows=512 grad_mean=3.480e-02 error=-
[L-EM2] dynamic arm=applied groups=640 passes=6 accepted_steps=96 accepted_groups=293396 changed=185978 rows=512 grad_mean=3.535e-02 error=-
[L-EM2] dynamic arm=applied groups=640 passes=6 accepted_steps=96 accepted_groups=79469 changed=44332 rows=128 grad_mean=2.685e-02 error=-
[L-EM2] dynamic arm=applied groups=640 passes=6 accepted_steps=96 accepted_groups=79811 changed=44618 rows=128 grad_mean=2.671e-02 error=-
[L-EM2] dynamic arm=applied groups=640 passes=6 accepted_steps=96 accepted_groups=138417 changed=89003 rows=128 grad_mean=1.781e-02 error=-
[L-EM2] dynamic arm=applied groups=640 passes=6 accepted_steps=96 accepted_groups=141223 changed=90506 rows=128 grad_mean=1.715e-02 error=-
[L-EM2] dynamic arm=applied groups=640 passes=6 accepted_steps=96 accepted_groups=612363 changed=374626 rows=512 grad_mean=1.668e-02 error=-
[L-EM2] dynamic arm=applied groups=640 passes=6 accepted_steps=96 accepted_groups=600310 changed=366691 rows=512 grad_mean=1.626e-02 error=-
[L-EM2] dynamic arm=applied groups=640 passes=6 accepted_steps=96 accepted_groups=114871 changed=65523 rows=128 grad_mean=3.181e-02 error=-
[L-EM2] dynamic arm=applied groups=640 passes=6 accepted_steps=96 accepted_groups=112549 changed=64326 rows=128 grad_mean=3.054e-02 error=-
[L-EM2] dynamic arm=applied groups=1024 passes=6 accepted_steps=96 accepted_groups=1354656 changed=767208 rows=512 grad_mean=1.592e-03 error=-
[L-EM2] dynamic arm=applied groups=1024 passes=6 accepted_steps=96 accepted_groups=1388228 changed=778257 rows=512 grad_mean=1.502e-03 error=-
[L-EM2] dynamic arm=applied groups=640 passes=6 accepted_steps=96 accepted_groups=85183 changed=47163 rows=128 grad_mean=3.997e-02 error=-
[L-EM2] dynamic arm=applied groups=640 passes=6 accepted_steps=96 accepted_groups=84169 changed=46871 rows=128 grad_mean=3.869e-02 error=-
[L-EM2] dynamic arm=applied groups=640 passes=6 accepted_steps=96 accepted_groups=322850 changed=175455 rows=512 grad_mean=3.354e-02 error=-
[L-EM2] dynamic arm=applied groups=640 passes=6 accepted_steps=96 accepted_groups=316949 changed=171635 rows=512 grad_mean=3.334e-02 error=-
[L-EM2] dynamic arm=applied groups=640 passes=6 accepted_steps=96 accepted_groups=515646 changed=300701 rows=512 grad_mean=3.007e-02 error=-
[L-EM2] dynamic arm=applied groups=640 passes=6 accepted_steps=96 accepted_groups=493423 changed=288375 rows=512 grad_mean=3.004e-02 error=-
[L-EM2] dynamic arm=applied groups=640 passes=6 accepted_steps=96 accepted_groups=155197 changed=100439 rows=128 grad_mean=9.405e-03 error=-
[L-EM2] dynamic arm=applied groups=640 passes=6 accepted_steps=96 accepted_groups=152833 changed=99204 rows=128 grad_mean=9.504e-03 error=-
[L-EM2] dynamic arm=applied groups=640 passes=6 accepted_steps=96 accepted_groups=26706 changed=24105 rows=512 grad_mean=1.077e-01 error=-
[L-EM2] dynamic arm=applied groups=640 passes=6 accepted_steps=96 accepted_groups=19328 changed=17920 rows=512 grad_mean=1.073e-01 error=-
[L-EM2] dynamic arm=applied groups=1024 passes=6 accepted_steps=96 accepted_groups=269548 changed=153695 rows=128 grad_mean=1.564e-02 error=-
[L-EM2] dynamic arm=applied groups=1024 passes=6 accepted_steps=96 accepted_groups=268320 changed=154163 rows=128 grad_mean=1.385e-02 error=-
[L-EM2] dynamic arm=applied groups=640 passes=6 accepted_steps=96 accepted_groups=14349 changed=12833 rows=512 grad_mean=2.293e-01 error=-
[L-EM2] dynamic arm=applied groups=640 passes=6 accepted_steps=96 accepted_groups=15410 changed=13852 rows=512 grad_mean=2.254e-01 error=-
[L-EM2] dynamic arm=applied groups=640 passes=6 accepted_steps=96 accepted_groups=23061 changed=18634 rows=128 grad_mean=1.157e-01 error=-
[L-EM2] dynamic arm=applied groups=640 passes=6 accepted_steps=96 accepted_groups=24634 changed=19897 rows=128 grad_mean=1.120e-01 error=-
[L-R2] rank2 reachable=1 vtu_cross_max=2.794e-09
[COMBINED-LINEAR-SAMPLE-ENERGY] reachable=1 blocks=40
[L-EM2] compile arm=compiled in=2560 gram_diag_mean=3.696114e-01 h_norm=5.2503e+01
[L-R2] rank2 reachable=1 vtu_cross_max=3.260e-09
[COMBINED-LINEAR-SAMPLE-ENERGY] reachable=1 blocks=40
[L-EM2] compile arm=compiled in=2560 gram_diag_mean=3.829067e-01 h_norm=5.3103e+01
[L-R2] rank2 reachable=1 vtu_cross_max=5.122e-09
[COMBINED-LINEAR-SAMPLE-ENERGY] reachable=1 blocks=40
[L-EM2] compile arm=compiled in=2560 gram_diag_mean=7.415828e-01 h_norm=8.7627e+01
[L-R2] rank2 reachable=1 vtu_cross_max=2.794e-09
[COMBINED-LINEAR-SAMPLE-ENERGY] reachable=1 blocks=64
[L-EM2] compile arm=compiled in=4096 gram_diag_mean=4.772808e-01 h_norm=9.2993e+01
[L-R2] rank2 reachable=1 vtu_cross_max=6.286e-09
[COMBINED-LINEAR-SAMPLE-ENERGY] reachable=1 blocks=40
[L-EM2] compile arm=compiled in=2560 gram_diag_mean=8.705633e-01 h_norm=9.6548e+01
[L-R2] rank2 reachable=1 vtu_cross_max=4.191e-09
[COMBINED-LINEAR-SAMPLE-ENERGY] reachable=1 blocks=40
[L-EM2] compile arm=compiled in=2560 gram_diag_mean=6.237417e-01 h_norm=5.1854e+01
[L-R2] rank2 reachable=1 vtu_cross_max=8.265e-09
[COMBINED-LINEAR-SAMPLE-ENERGY] reachable=1 blocks=144
[L-EM2] compile arm=out-of-scope in=9216 gram_diag_mean=0.000000e+00 h_norm=0.0000e+00
[L-R2] rank2 reachable=1 vtu_cross_max=4.889e-09
[COMBINED-LINEAR-SAMPLE-ENERGY] reachable=1 blocks=40
[L-EM2] compile arm=compiled in=2560 gram_diag_mean=4.179232e-01 h_norm=7.0294e+01
[L-R2] rank2 reachable=1 vtu_cross_max=2.794e-09
[COMBINED-LINEAR-SAMPLE-ENERGY] reachable=1 blocks=40
[L-EM2] compile arm=compiled in=2560 gram_diag_mean=4.660256e-01 h_norm=9.6731e+01
[L-R2] rank2 reachable=1 vtu_cross_max=2.794e-09
[COMBINED-LINEAR-SAMPLE-ENERGY] reachable=1 blocks=40
[L-EM2] compile arm=compiled in=2560 gram_diag_mean=7.613837e-01 h_norm=9.4352e+01
[L-R2] rank2 reachable=1 vtu_cross_max=1.071e-08
[COMBINED-LINEAR-SAMPLE-ENERGY] reachable=1 blocks=64
[L-EM2] compile arm=compiled in=4096 gram_diag_mean=4.301280e-01 h_norm=7.9725e+01
[L-R2] rank2 reachable=1 vtu_cross_max=2.794e-09
[COMBINED-LINEAR-SAMPLE-ENERGY] reachable=1 blocks=40
[L-EM2] compile arm=compiled in=2560 gram_diag_mean=9.807345e-01 h_norm=1.3815e+02
[L-R2] rank2 reachable=1 vtu_cross_max=6.519e-09
[COMBINED-LINEAR-SAMPLE-ENERGY] reachable=1 blocks=40
[L-EM2] compile arm=compiled in=2560 gram_diag_mean=6.636078e-01 h_norm=5.6951e+01
[L-R2] rank2 reachable=1 vtu_cross_max=4.278e-09
[COMBINED-LINEAR-SAMPLE-ENERGY] reachable=1 blocks=144
[L-EM2] compile arm=out-of-scope in=9216 gram_diag_mean=0.000000e+00 h_norm=0.0000e+00
[L-R2] rank2 reachable=1 vtu_cross_max=5.122e-09
[COMBINED-LINEAR-SAMPLE-ENERGY] reachable=1 blocks=40
[L-EM2] compile arm=compiled in=2560 gram_diag_mean=5.367022e-01 h_norm=1.0370e+02
[L-R2] rank2 reachable=1 vtu_cross_max=1.118e-08
[COMBINED-LINEAR-SAMPLE-ENERGY] reachable=1 blocks=40
[L-EM2] compile arm=compiled in=2560 gram_diag_mean=4.672832e-01 h_norm=8.7556e+01
[L-R2] rank2 reachable=1 vtu_cross_max=1.490e-08
[COMBINED-LINEAR-SAMPLE-ENERGY] reachable=1 blocks=40
[L-EM2] compile arm=compiled in=2560 gram_diag_mean=7.307148e-01 h_norm=9.1964e+01
[L-R2] rank2 reachable=1 vtu_cross_max=6.869e-09
[COMBINED-LINEAR-SAMPLE-ENERGY] reachable=1 blocks=64
[L-EM2] compile arm=compiled in=4096 gram_diag_mean=4.123951e-01 h_norm=7.1387e+01
[L-R2] rank2 reachable=1 vtu_cross_max=3.260e-09
[COMBINED-LINEAR-SAMPLE-ENERGY] reachable=1 blocks=40
[L-EM2] compile arm=compiled in=2560 gram_diag_mean=9.858856e-01 h_norm=1.6866e+02
[L-R2] rank2 reachable=1 vtu_cross_max=8.149e-10
[COMBINED-LINEAR-SAMPLE-ENERGY] reachable=1 blocks=40
[L-EM2] compile arm=compiled in=2560 gram_diag_mean=8.062710e-01 h_norm=7.8354e+01
[L-R2] rank2 reachable=1 vtu_cross_max=1.024e-08
[COMBINED-LINEAR-SAMPLE-ENERGY] reachable=1 blocks=144
[L-EM2] compile arm=out-of-scope in=9216 gram_diag_mean=0.000000e+00 h_norm=0.0000e+00
[L-R2] rank2 reachable=1 vtu_cross_max=5.122e-09
[COMBINED-LINEAR-SAMPLE-ENERGY] reachable=1 blocks=40
[L-EM2] compile arm=compiled in=2560 gram_diag_mean=6.015709e-01 h_norm=1.1494e+02
[L-R2] rank2 reachable=1 vtu_cross_max=4.424e-09
[COMBINED-LINEAR-SAMPLE-ENERGY] reachable=1 blocks=40
[L-EM2] compile arm=compiled in=2560 gram_diag_mean=1.452095e-01 h_norm=3.6293e+01
[L-R2] rank2 reachable=1 vtu_cross_max=9.779e-09
[COMBINED-LINEAR-SAMPLE-ENERGY] reachable=1 blocks=40
[L-EM2] compile arm=compiled in=2560 gram_diag_mean=4.481084e-01 h_norm=1.2644e+02
[L-R2] rank2 reachable=1 vtu_cross_max=6.985e-09
[COMBINED-LINEAR-SAMPLE-ENERGY] reachable=1 blocks=64
[L-EM2] compile arm=compiled in=4096 gram_diag_mean=6.989137e-01 h_norm=1.3233e+02
[L-R2] rank2 reachable=1 vtu_cross_max=1.071e-08
[COMBINED-LINEAR-SAMPLE-ENERGY] reachable=1 blocks=40
[L-EM2] compile arm=compiled in=2560 gram_diag_mean=1.745592e+00 h_norm=3.6958e+02
[L-R2] rank2 reachable=1 vtu_cross_max=7.451e-09
[COMBINED-LINEAR-SAMPLE-ENERGY] reachable=1 blocks=40
[L-EM2] compile arm=compiled in=2560 gram_diag_mean=1.121982e+00 h_norm=1.7379e+02
[L-R2] rank2 reachable=1 vtu_cross_max=8.615e-09
[COMBINED-LINEAR-SAMPLE-ENERGY] reachable=1 blocks=144
[L-EM2] compile arm=out-of-scope in=9216 gram_diag_mean=0.000000e+00 h_norm=0.0000e+00
[L-EM2] dynamic arm=applied groups=640 passes=6 accepted_steps=96 accepted_groups=131370 changed=88814 rows=128 grad_mean=8.865e-03 error=-
[L-EM2] dynamic arm=applied groups=640 passes=6 accepted_steps=96 accepted_groups=130442 changed=88493 rows=128 grad_mean=8.486e-03 error=-
[L-EM2] dynamic arm=applied groups=640 passes=6 accepted_steps=96 accepted_groups=512588 changed=348387 rows=512 grad_mean=8.572e-03 error=-
[L-EM2] dynamic arm=applied groups=640 passes=6 accepted_steps=96 accepted_groups=512062 changed=348512 rows=512 grad_mean=8.140e-03 error=-
[L-EM2] dynamic arm=applied groups=640 passes=6 accepted_steps=96 accepted_groups=100249 changed=67995 rows=128 grad_mean=1.987e-02 error=-
[L-EM2] dynamic arm=applied groups=640 passes=6 accepted_steps=96 accepted_groups=100117 changed=67870 rows=128 grad_mean=1.925e-02 error=-
[L-EM2] dynamic arm=applied groups=1024 passes=6 accepted_steps=96 accepted_groups=1697641 changed=939637 rows=512 grad_mean=3.141e-04 error=-
[L-EM2] dynamic arm=applied groups=1024 passes=6 accepted_steps=96 accepted_groups=1710750 changed=949014 rows=512 grad_mean=3.020e-04 error=-
[L-EM2] dynamic arm=applied groups=640 passes=6 accepted_steps=96 accepted_groups=71070 changed=46134 rows=128 grad_mean=2.168e-02 error=-
[L-EM2] dynamic arm=applied groups=640 passes=6 accepted_steps=96 accepted_groups=70499 changed=45571 rows=128 grad_mean=2.025e-02 error=-
[L-EM2] dynamic arm=applied groups=640 passes=6 accepted_steps=96 accepted_groups=260878 changed=180202 rows=512 grad_mean=1.522e-02 error=-
[L-EM2] dynamic arm=applied groups=640 passes=6 accepted_steps=96 accepted_groups=259413 changed=179143 rows=512 grad_mean=1.457e-02 error=-
[L-EM2] dynamic arm=applied groups=640 passes=6 accepted_steps=96 accepted_groups=564520 changed=376700 rows=512 grad_mean=1.290e-02 error=-
[L-EM2] dynamic arm=applied groups=640 passes=6 accepted_steps=96 accepted_groups=552294 changed=368794 rows=512 grad_mean=1.290e-02 error=-
[L-EM2] dynamic arm=applied groups=640 passes=6 accepted_steps=96 accepted_groups=156531 changed=100390 rows=128 grad_mean=1.503e-02 error=-
[L-EM2] dynamic arm=applied groups=640 passes=6 accepted_steps=96 accepted_groups=158489 changed=101369 rows=128 grad_mean=1.524e-02 error=-
[L-EM2] dynamic arm=applied groups=640 passes=6 accepted_steps=96 accepted_groups=426509 changed=285859 rows=512 grad_mean=2.676e-02 error=-
[L-EM2] dynamic arm=applied groups=640 passes=6 accepted_steps=96 accepted_groups=417062 changed=279778 rows=512 grad_mean=2.694e-02 error=-
[L-EM2] dynamic arm=applied groups=1024 passes=6 accepted_steps=96 accepted_groups=345504 changed=209493 rows=128 grad_mean=8.301e-04 error=-
[L-EM2] dynamic arm=applied groups=1024 passes=6 accepted_steps=96 accepted_groups=348703 changed=209911 rows=128 grad_mean=7.714e-04 error=-
[L-EM2] dynamic arm=applied groups=640 passes=6 accepted_steps=96 accepted_groups=337967 changed=214586 rows=512 grad_mean=3.359e-02 error=-
[L-EM2] dynamic arm=applied groups=640 passes=6 accepted_steps=96 accepted_groups=315908 changed=203975 rows=512 grad_mean=3.422e-02 error=-
[L-EM2] dynamic arm=applied groups=640 passes=6 accepted_steps=96 accepted_groups=67811 changed=47245 rows=128 grad_mean=2.593e-02 error=-
[L-EM2] dynamic arm=applied groups=640 passes=6 accepted_steps=96 accepted_groups=67970 changed=47298 rows=128 grad_mean=2.578e-02 error=-
[L-EM2] dynamic arm=applied groups=640 passes=6 accepted_steps=96 accepted_groups=139384 changed=92202 rows=128 grad_mean=1.712e-02 error=-
[L-EM2] dynamic arm=applied groups=640 passes=6 accepted_steps=96 accepted_groups=140752 changed=93543 rows=128 grad_mean=1.649e-02 error=-
[L-EM2] dynamic arm=applied groups=640 passes=6 accepted_steps=96 accepted_groups=570626 changed=381264 rows=512 grad_mean=1.443e-02 error=-
[L-EM2] dynamic arm=applied groups=640 passes=6 accepted_steps=96 accepted_groups=558685 changed=374298 rows=512 grad_mean=1.414e-02 error=-
[L-EM2] dynamic arm=applied groups=640 passes=6 accepted_steps=96 accepted_groups=100883 changed=68747 rows=128 grad_mean=2.775e-02 error=-
[L-EM2] dynamic arm=applied groups=640 passes=6 accepted_steps=96 accepted_groups=100828 changed=68522 rows=128 grad_mean=2.651e-02 error=-
[L-EM2] dynamic arm=applied groups=1024 passes=6 accepted_steps=96 accepted_groups=1199423 changed=758014 rows=512 grad_mean=1.177e-03 error=-
[L-EM2] dynamic arm=applied groups=1024 passes=6 accepted_steps=96 accepted_groups=1226873 changed=771408 rows=512 grad_mean=1.130e-03 error=-
[L-EM2] dynamic arm=applied groups=640 passes=6 accepted_steps=96 accepted_groups=84652 changed=55550 rows=128 grad_mean=3.426e-02 error=-
[L-EM2] dynamic arm=applied groups=640 passes=6 accepted_steps=96 accepted_groups=83859 changed=55281 rows=128 grad_mean=3.300e-02 error=-
[L-EM2] dynamic arm=applied groups=640 passes=6 accepted_steps=96 accepted_groups=280928 changed=191398 rows=512 grad_mean=3.080e-02 error=-
[L-EM2] dynamic arm=applied groups=640 passes=6 accepted_steps=96 accepted_groups=274523 changed=186612 rows=512 grad_mean=3.062e-02 error=-
[L-EM2] dynamic arm=applied groups=640 passes=6 accepted_steps=96 accepted_groups=504027 changed=320019 rows=512 grad_mean=2.355e-02 error=-
[L-EM2] dynamic arm=applied groups=640 passes=6 accepted_steps=96 accepted_groups=478880 changed=305576 rows=512 grad_mean=2.362e-02 error=-
[L-EM2] dynamic arm=applied groups=640 passes=6 accepted_steps=96 accepted_groups=174485 changed=113680 rows=128 grad_mean=4.669e-03 error=-
[L-EM2] dynamic arm=applied groups=640 passes=6 accepted_steps=96 accepted_groups=171558 changed=112053 rows=128 grad_mean=4.670e-03 error=-
[L-EM2] dynamic arm=applied groups=640 passes=6 accepted_steps=96 accepted_groups=16173 changed=15652 rows=512 grad_mean=1.119e-01 error=-
[L-EM2] dynamic arm=applied groups=640 passes=6 accepted_steps=96 accepted_groups=13268 changed=12692 rows=512 grad_mean=1.089e-01 error=-
[L-EM2] dynamic arm=applied groups=1024 passes=6 accepted_steps=96 accepted_groups=306709 changed=187842 rows=128 grad_mean=8.641e-03 error=-
[L-EM2] dynamic arm=applied groups=1024 passes=6 accepted_steps=96 accepted_groups=297149 changed=184045 rows=128 grad_mean=7.616e-03 error=-
[L-EM2] dynamic arm=applied groups=640 passes=6 accepted_steps=96 accepted_groups=17399 changed=15450 rows=512 grad_mean=2.297e-01 error=-
[L-EM2] dynamic arm=applied groups=640 passes=6 accepted_steps=96 accepted_groups=23846 changed=20560 rows=512 grad_mean=2.229e-01 error=-
[L-EM2] dynamic arm=applied groups=640 passes=6 accepted_steps=96 accepted_groups=22154 changed=17744 rows=128 grad_mean=1.167e-01 error=-
[L-EM2] dynamic arm=applied groups=640 passes=6 accepted_steps=96 accepted_groups=22671 changed=18510 rows=128 grad_mean=1.131e-01 error=-
[L-R2] rank2 reachable=1 vtu_cross_max=2.328e-09
[COMBINED-LINEAR-SAMPLE-ENERGY] reachable=1 blocks=40
[L-EM2] compile arm=compiled in=2560 gram_diag_mean=6.502624e-01 h_norm=1.1947e+02
[L-R2] rank2 reachable=1 vtu_cross_max=9.313e-09
[COMBINED-LINEAR-SAMPLE-ENERGY] reachable=1 blocks=40
[L-EM2] compile arm=compiled in=2560 gram_diag_mean=1.668800e-01 h_norm=3.6024e+01
[L-R2] rank2 reachable=1 vtu_cross_max=4.657e-09
[COMBINED-LINEAR-SAMPLE-ENERGY] reachable=1 blocks=40
[L-EM2] compile arm=compiled in=2560 gram_diag_mean=1.629752e-01 h_norm=2.7167e+01
[L-R2] rank2 reachable=1 vtu_cross_max=5.588e-09
[COMBINED-LINEAR-SAMPLE-ENERGY] reachable=1 blocks=64
[L-EM2] compile arm=compiled in=4096 gram_diag_mean=3.922223e-01 h_norm=7.8215e+01
[L-R2] rank2 reachable=1 vtu_cross_max=4.657e-09
[COMBINED-LINEAR-SAMPLE-ENERGY] reachable=1 blocks=40
[L-EM2] compile arm=compiled in=2560 gram_diag_mean=8.416239e-01 h_norm=1.1876e+02
[L-R2] rank2 reachable=1 vtu_cross_max=6.519e-09
[COMBINED-LINEAR-SAMPLE-ENERGY] reachable=1 blocks=40
[L-EM2] compile arm=compiled in=2560 gram_diag_mean=7.275904e-01 h_norm=6.4967e+01
[L-R2] rank2 reachable=1 vtu_cross_max=7.451e-09
[COMBINED-LINEAR-SAMPLE-ENERGY] reachable=1 blocks=144
[L-EM2] compile arm=out-of-scope in=9216 gram_diag_mean=0.000000e+00 h_norm=0.0000e+00
[L-R2] rank2 reachable=1 vtu_cross_max=3.725e-09
[COMBINED-LINEAR-SAMPLE-ENERGY] reachable=1 blocks=40
[L-EM2] compile arm=compiled in=2560 gram_diag_mean=5.002500e-01 h_norm=9.9319e+01
[L-R2] rank2 reachable=1 vtu_cross_max=4.191e-09
[COMBINED-LINEAR-SAMPLE-ENERGY] reachable=1 blocks=40
[L-EM2] compile arm=compiled in=2560 gram_diag_mean=4.576872e-01 h_norm=8.8605e+01
[L-R2] rank2 reachable=1 vtu_cross_max=2.794e-09
[COMBINED-LINEAR-SAMPLE-ENERGY] reachable=1 blocks=40
[L-EM2] compile arm=compiled in=2560 gram_diag_mean=7.372636e-01 h_norm=1.0093e+02
[L-R2] rank2 reachable=1 vtu_cross_max=8.382e-09
[COMBINED-LINEAR-SAMPLE-ENERGY] reachable=1 blocks=64
[L-EM2] compile arm=compiled in=4096 gram_diag_mean=4.328275e-01 h_norm=7.8778e+01
[L-R2] rank2 reachable=1 vtu_cross_max=1.863e-09
[COMBINED-LINEAR-SAMPLE-ENERGY] reachable=1 blocks=40
[L-EM2] compile arm=compiled in=2560 gram_diag_mean=9.305286e-01 h_norm=1.1837e+02
[L-R2] rank2 reachable=1 vtu_cross_max=6.985e-09
[COMBINED-LINEAR-SAMPLE-ENERGY] reachable=1 blocks=40
[L-EM2] compile arm=compiled in=2560 gram_diag_mean=6.970854e-01 h_norm=6.0953e+01
[L-R2] rank2 reachable=1 vtu_cross_max=5.588e-09
[COMBINED-LINEAR-SAMPLE-ENERGY] reachable=1 blocks=144
[L-EM2] compile arm=out-of-scope in=9216 gram_diag_mean=0.000000e+00 h_norm=0.0000e+00
[L-R2] rank2 reachable=1 vtu_cross_max=4.191e-09
[COMBINED-LINEAR-SAMPLE-ENERGY] reachable=1 blocks=40
[L-EM2] compile arm=compiled in=2560 gram_diag_mean=6.070054e-01 h_norm=1.1974e+02
[L-R2] rank2 reachable=1 vtu_cross_max=7.451e-09
[COMBINED-LINEAR-SAMPLE-ENERGY] reachable=1 blocks=40
[L-EM2] compile arm=compiled in=2560 gram_diag_mean=6.026556e-01 h_norm=1.1397e+02
[L-R2] rank2 reachable=1 vtu_cross_max=4.075e-09
[COMBINED-LINEAR-SAMPLE-ENERGY] reachable=1 blocks=40
[L-EM2] compile arm=compiled in=2560 gram_diag_mean=1.039309e+00 h_norm=1.8467e+02
[L-R2] rank2 reachable=1 vtu_cross_max=7.451e-09
[COMBINED-LINEAR-SAMPLE-ENERGY] reachable=1 blocks=64
[L-EM2] compile arm=compiled in=4096 gram_diag_mean=4.227559e-01 h_norm=6.8335e+01
[L-R2] rank2 reachable=1 vtu_cross_max=6.752e-09
[COMBINED-LINEAR-SAMPLE-ENERGY] reachable=1 blocks=40
[L-EM2] compile arm=compiled in=2560 gram_diag_mean=1.198871e+00 h_norm=1.7353e+02
[L-R2] rank2 reachable=1 vtu_cross_max=9.313e-10
[COMBINED-LINEAR-SAMPLE-ENERGY] reachable=1 blocks=40
[L-EM2] compile arm=compiled in=2560 gram_diag_mean=7.905388e-01 h_norm=7.1298e+01
[L-R2] rank2 reachable=1 vtu_cross_max=4.657e-09
[COMBINED-LINEAR-SAMPLE-ENERGY] reachable=1 blocks=144
[L-EM2] compile arm=out-of-scope in=9216 gram_diag_mean=0.000000e+00 h_norm=0.0000e+00
[L-R2] rank2 reachable=1 vtu_cross_max=9.313e-09
[COMBINED-LINEAR-SAMPLE-ENERGY] reachable=1 blocks=40
[L-EM2] compile arm=compiled in=2560 gram_diag_mean=6.064050e-01 h_norm=1.3901e+02
[L-R2] rank2 reachable=1 vtu_cross_max=2.212e-09
[COMBINED-LINEAR-SAMPLE-ENERGY] reachable=1 blocks=40
[L-EM2] compile arm=compiled in=2560 gram_diag_mean=5.683579e-01 h_norm=1.1958e+02
[L-R2] rank2 reachable=1 vtu_cross_max=3.958e-09
[COMBINED-LINEAR-SAMPLE-ENERGY] reachable=1 blocks=40
[L-EM2] compile arm=compiled in=2560 gram_diag_mean=8.852425e-01 h_norm=1.1980e+02
[L-R2] rank2 reachable=1 vtu_cross_max=2.794e-09
[COMBINED-LINEAR-SAMPLE-ENERGY] reachable=1 blocks=64
[L-EM2] compile arm=compiled in=4096 gram_diag_mean=8.544896e-01 h_norm=9.6459e+01
[L-R2] rank2 reachable=1 vtu_cross_max=2.328e-09
[COMBINED-LINEAR-SAMPLE-ENERGY] reachable=1 blocks=40
[L-EM2] compile arm=compiled in=2560 gram_diag_mean=1.629954e+00 h_norm=2.7909e+02
[L-R2] rank2 reachable=1 vtu_cross_max=7.451e-09
[COMBINED-LINEAR-SAMPLE-ENERGY] reachable=1 blocks=40
[L-EM2] compile arm=compiled in=2560 gram_diag_mean=9.796863e-01 h_norm=1.0650e+02
[L-R2] rank2 reachable=1 vtu_cross_max=6.519e-09
[COMBINED-LINEAR-SAMPLE-ENERGY] reachable=1 blocks=144
[L-EM2] compile arm=out-of-scope in=9216 gram_diag_mean=0.000000e+00 h_norm=0.0000e+00
[L-EM2] dynamic arm=applied groups=640 passes=6 accepted_steps=96 accepted_groups=511507 changed=303436 rows=512 grad_mean=2.114e-02 error=-
[L-EM2] dynamic arm=applied groups=640 passes=6 accepted_steps=96 accepted_groups=505981 changed=298066 rows=512 grad_mean=2.127e-02 error=-
[L-EM2] dynamic arm=applied groups=640 passes=6 accepted_steps=96 accepted_groups=178732 changed=112571 rows=128 grad_mean=4.587e-03 error=-
[L-EM2] dynamic arm=applied groups=640 passes=6 accepted_steps=96 accepted_groups=182189 changed=114583 rows=128 grad_mean=4.494e-03 error=-
[L-EM2] dynamic arm=applied groups=640 passes=6 accepted_steps=96 accepted_groups=621726 changed=407159 rows=512 grad_mean=4.428e-03 error=-
[L-EM2] dynamic arm=applied groups=640 passes=6 accepted_steps=96 accepted_groups=607812 changed=399224 rows=512 grad_mean=4.472e-03 error=-
[L-EM2] dynamic arm=applied groups=1024 passes=6 accepted_steps=96 accepted_groups=280155 changed=163759 rows=128 grad_mean=2.014e-03 error=-
[L-EM2] dynamic arm=applied groups=1024 passes=6 accepted_steps=96 accepted_groups=277499 changed=162832 rows=128 grad_mean=1.954e-03 error=-
[L-EM2] dynamic arm=applied groups=640 passes=6 accepted_steps=96 accepted_groups=329309 changed=188330 rows=512 grad_mean=3.014e-02 error=-
[L-EM2] dynamic arm=applied groups=640 passes=6 accepted_steps=96 accepted_groups=322570 changed=184166 rows=512 grad_mean=3.033e-02 error=-
[L-EM2] dynamic arm=applied groups=640 passes=6 accepted_steps=96 accepted_groups=71632 changed=47956 rows=128 grad_mean=2.709e-02 error=-
[L-EM2] dynamic arm=applied groups=640 passes=6 accepted_steps=96 accepted_groups=71055 changed=47976 rows=128 grad_mean=2.611e-02 error=-
[L-EM2] dynamic arm=applied groups=640 passes=6 accepted_steps=96 accepted_groups=153426 changed=94851 rows=128 grad_mean=1.772e-02 error=-
[L-EM2] dynamic arm=applied groups=640 passes=6 accepted_steps=96 accepted_groups=152850 changed=94661 rows=128 grad_mean=1.765e-02 error=-
[L-EM2] dynamic arm=applied groups=640 passes=6 accepted_steps=96 accepted_groups=632110 changed=379652 rows=512 grad_mean=1.592e-02 error=-
[L-EM2] dynamic arm=applied groups=640 passes=6 accepted_steps=96 accepted_groups=613473 changed=369290 rows=512 grad_mean=1.614e-02 error=-
[L-EM2] dynamic arm=applied groups=640 passes=6 accepted_steps=96 accepted_groups=115094 changed=69220 rows=128 grad_mean=2.875e-02 error=-
[L-EM2] dynamic arm=applied groups=640 passes=6 accepted_steps=96 accepted_groups=115652 changed=69460 rows=128 grad_mean=2.844e-02 error=-
[L-EM2] dynamic arm=applied groups=1024 passes=6 accepted_steps=96 accepted_groups=1371128 changed=764473 rows=512 grad_mean=1.292e-03 error=-
[L-EM2] dynamic arm=applied groups=1024 passes=6 accepted_steps=96 accepted_groups=1345140 changed=752547 rows=512 grad_mean=1.151e-03 error=-
[L-EM2] dynamic arm=applied groups=640 passes=6 accepted_steps=96 accepted_groups=79338 changed=43569 rows=128 grad_mean=3.560e-02 error=-
[L-EM2] dynamic arm=applied groups=640 passes=6 accepted_steps=96 accepted_groups=81110 changed=43997 rows=128 grad_mean=3.511e-02 error=-
[L-EM2] dynamic arm=applied groups=640 passes=6 accepted_steps=96 accepted_groups=314435 changed=169188 rows=512 grad_mean=2.643e-02 error=-
[L-EM2] dynamic arm=applied groups=640 passes=6 accepted_steps=96 accepted_groups=308465 changed=165357 rows=512 grad_mean=2.697e-02 error=-
[L-EM2] dynamic arm=applied groups=640 passes=6 accepted_steps=96 accepted_groups=584267 changed=349175 rows=512 grad_mean=3.103e-02 error=-
[L-EM2] dynamic arm=applied groups=640 passes=6 accepted_steps=96 accepted_groups=573084 changed=341910 rows=512 grad_mean=3.089e-02 error=-
[L-EM2] dynamic arm=applied groups=640 passes=6 accepted_steps=96 accepted_groups=158604 changed=94919 rows=128 grad_mean=2.853e-02 error=-
[L-EM2] dynamic arm=applied groups=640 passes=6 accepted_steps=96 accepted_groups=161568 changed=95983 rows=128 grad_mean=2.790e-02 error=-
[L-EM2] dynamic arm=applied groups=640 passes=6 accepted_steps=96 accepted_groups=506159 changed=320501 rows=512 grad_mean=4.562e-02 error=-
[L-EM2] dynamic arm=applied groups=640 passes=6 accepted_steps=96 accepted_groups=487704 changed=309056 rows=512 grad_mean=4.492e-02 error=-
[L-EM2] dynamic arm=applied groups=1024 passes=6 accepted_steps=96 accepted_groups=378682 changed=209082 rows=128 grad_mean=1.685e-03 error=-
[L-EM2] dynamic arm=applied groups=1024 passes=6 accepted_steps=96 accepted_groups=381761 changed=210617 rows=128 grad_mean=1.646e-03 error=-
[L-EM2] dynamic arm=applied groups=640 passes=6 accepted_steps=96 accepted_groups=356786 changed=188268 rows=512 grad_mean=5.552e-02 error=-
[L-EM2] dynamic arm=applied groups=640 passes=6 accepted_steps=96 accepted_groups=339536 changed=179258 rows=512 grad_mean=5.541e-02 error=-
[L-EM2] dynamic arm=applied groups=640 passes=6 accepted_steps=96 accepted_groups=77256 changed=40307 rows=128 grad_mean=3.786e-02 error=-
[L-EM2] dynamic arm=applied groups=640 passes=6 accepted_steps=96 accepted_groups=75755 changed=39751 rows=128 grad_mean=3.717e-02 error=-
[L-EM2] dynamic arm=applied groups=640 passes=6 accepted_steps=96 accepted_groups=92423 changed=67324 rows=128 grad_mean=6.088e-02 error=-
[L-EM2] dynamic arm=applied groups=640 passes=6 accepted_steps=96 accepted_groups=89488 changed=64711 rows=128 grad_mean=6.188e-02 error=-
[L-EM2] dynamic arm=applied groups=640 passes=6 accepted_steps=96 accepted_groups=672592 changed=404448 rows=512 grad_mean=2.628e-02 error=-
[L-EM2] dynamic arm=applied groups=640 passes=6 accepted_steps=96 accepted_groups=635902 changed=383414 rows=512 grad_mean=2.638e-02 error=-
[L-EM2] dynamic arm=applied groups=640 passes=6 accepted_steps=96 accepted_groups=107843 changed=61072 rows=128 grad_mean=5.541e-02 error=-
[L-EM2] dynamic arm=applied groups=640 passes=6 accepted_steps=96 accepted_groups=109045 changed=61507 rows=128 grad_mean=5.598e-02 error=-
[L-EM2] dynamic arm=applied groups=1024 passes=6 accepted_steps=96 accepted_groups=1480933 changed=779237 rows=512 grad_mean=4.776e-03 error=-
[L-EM2] dynamic arm=applied groups=1024 passes=6 accepted_steps=96 accepted_groups=1503916 changed=788463 rows=512 grad_mean=5.357e-03 error=-
[L-EM2] dynamic arm=applied groups=640 passes=6 accepted_steps=96 accepted_groups=33693 changed=24092 rows=128 grad_mean=1.673e-01 error=-
[L-EM2] dynamic arm=applied groups=640 passes=6 accepted_steps=96 accepted_groups=28858 changed=21192 rows=128 grad_mean=1.766e-01 error=-
[L-EM2] dynamic arm=applied groups=640 passes=6 accepted_steps=96 accepted_groups=276824 changed=148320 rows=512 grad_mean=6.126e-02 error=-
[L-EM2] dynamic arm=applied groups=640 passes=6 accepted_steps=96 accepted_groups=265638 changed=142074 rows=512 grad_mean=6.233e-02 error=-
[L-R2] rank2 reachable=1 vtu_cross_max=2.328e-09
[COMBINED-LINEAR-SAMPLE-ENERGY] reachable=1 blocks=40
[L-EM2] compile arm=compiled in=2560 gram_diag_mean=6.502624e-01 h_norm=1.1947e+02
[L-R2] rank2 reachable=1 vtu_cross_max=9.313e-09
[COMBINED-LINEAR-SAMPLE-ENERGY] reachable=1 blocks=40
[L-EM2] compile arm=compiled in=2560 gram_diag_mean=1.668800e-01 h_norm=3.6024e+01
[L-R2] rank2 reachable=1 vtu_cross_max=4.657e-09
[COMBINED-LINEAR-SAMPLE-ENERGY] reachable=1 blocks=40
[L-EM2] compile arm=compiled in=2560 gram_diag_mean=1.629752e-01 h_norm=2.7167e+01
[L-R2] rank2 reachable=1 vtu_cross_max=5.588e-09
[COMBINED-LINEAR-SAMPLE-ENERGY] reachable=1 blocks=64
[L-EM2] compile arm=compiled in=4096 gram_diag_mean=3.922223e-01 h_norm=7.8215e+01
[L-R2] rank2 reachable=1 vtu_cross_max=4.657e-09
[COMBINED-LINEAR-SAMPLE-ENERGY] reachable=1 blocks=40
[L-EM2] compile arm=compiled in=2560 gram_diag_mean=8.416239e-01 h_norm=1.1876e+02
[L-R2] rank2 reachable=1 vtu_cross_max=6.519e-09
[COMBINED-LINEAR-SAMPLE-ENERGY] reachable=1 blocks=40
[L-EM2] compile arm=compiled in=2560 gram_diag_mean=7.275904e-01 h_norm=6.4967e+01
[L-R2] rank2 reachable=1 vtu_cross_max=7.451e-09
[COMBINED-LINEAR-SAMPLE-ENERGY] reachable=1 blocks=144
[L-EM2] compile arm=out-of-scope in=9216 gram_diag_mean=0.000000e+00 h_norm=0.0000e+00
[L-R2] rank2 reachable=1 vtu_cross_max=3.725e-09
[COMBINED-LINEAR-SAMPLE-ENERGY] reachable=1 blocks=40
[L-EM2] compile arm=compiled in=2560 gram_diag_mean=5.002500e-01 h_norm=9.9319e+01
[L-R2] rank2 reachable=1 vtu_cross_max=4.191e-09
[COMBINED-LINEAR-SAMPLE-ENERGY] reachable=1 blocks=40
[L-EM2] compile arm=compiled in=2560 gram_diag_mean=4.576872e-01 h_norm=8.8605e+01
[L-R2] rank2 reachable=1 vtu_cross_max=2.794e-09
[COMBINED-LINEAR-SAMPLE-ENERGY] reachable=1 blocks=40
[L-EM2] compile arm=compiled in=2560 gram_diag_mean=7.372636e-01 h_norm=1.0093e+02
[L-R2] rank2 reachable=1 vtu_cross_max=8.382e-09
[COMBINED-LINEAR-SAMPLE-ENERGY] reachable=1 blocks=64
[L-EM2] compile arm=compiled in=4096 gram_diag_mean=4.328275e-01 h_norm=7.8778e+01
[L-R2] rank2 reachable=1 vtu_cross_max=1.863e-09
[COMBINED-LINEAR-SAMPLE-ENERGY] reachable=1 blocks=40
[L-EM2] compile arm=compiled in=2560 gram_diag_mean=9.305286e-01 h_norm=1.1837e+02
[L-R2] rank2 reachable=1 vtu_cross_max=6.985e-09
[COMBINED-LINEAR-SAMPLE-ENERGY] reachable=1 blocks=40
[L-EM2] compile arm=compiled in=2560 gram_diag_mean=6.970854e-01 h_norm=6.0953e+01
[L-R2] rank2 reachable=1 vtu_cross_max=5.588e-09
[COMBINED-LINEAR-SAMPLE-ENERGY] reachable=1 blocks=144
[L-EM2] compile arm=out-of-scope in=9216 gram_diag_mean=0.000000e+00 h_norm=0.0000e+00
[L-R2] rank2 reachable=1 vtu_cross_max=4.191e-09
[COMBINED-LINEAR-SAMPLE-ENERGY] reachable=1 blocks=40
[L-EM2] compile arm=compiled in=2560 gram_diag_mean=6.070054e-01 h_norm=1.1974e+02
[L-R2] rank2 reachable=1 vtu_cross_max=7.451e-09
[COMBINED-LINEAR-SAMPLE-ENERGY] reachable=1 blocks=40
[L-EM2] compile arm=compiled in=2560 gram_diag_mean=6.026556e-01 h_norm=1.1397e+02
[L-R2] rank2 reachable=1 vtu_cross_max=4.075e-09
[COMBINED-LINEAR-SAMPLE-ENERGY] reachable=1 blocks=40
[L-EM2] compile arm=compiled in=2560 gram_diag_mean=1.039309e+00 h_norm=1.8467e+02
[L-R2] rank2 reachable=1 vtu_cross_max=7.451e-09
[COMBINED-LINEAR-SAMPLE-ENERGY] reachable=1 blocks=64
[L-EM2] compile arm=compiled in=4096 gram_diag_mean=4.227559e-01 h_norm=6.8335e+01
[L-R2] rank2 reachable=1 vtu_cross_max=6.752e-09
[COMBINED-LINEAR-SAMPLE-ENERGY] reachable=1 blocks=40
[L-EM2] compile arm=compiled in=2560 gram_diag_mean=1.198871e+00 h_norm=1.7353e+02
[L-R2] rank2 reachable=1 vtu_cross_max=9.313e-10
[COMBINED-LINEAR-SAMPLE-ENERGY] reachable=1 blocks=40
[L-EM2] compile arm=compiled in=2560 gram_diag_mean=7.905388e-01 h_norm=7.1298e+01
[L-R2] rank2 reachable=1 vtu_cross_max=4.657e-09
[COMBINED-LINEAR-SAMPLE-ENERGY] reachable=1 blocks=144
[L-EM2] compile arm=out-of-scope in=9216 gram_diag_mean=0.000000e+00 h_norm=0.0000e+00
[L-R2] rank2 reachable=1 vtu_cross_max=9.313e-09
[COMBINED-LINEAR-SAMPLE-ENERGY] reachable=1 blocks=40
[L-EM2] compile arm=compiled in=2560 gram_diag_mean=6.064050e-01 h_norm=1.3901e+02
[L-R2] rank2 reachable=1 vtu_cross_max=2.212e-09
[COMBINED-LINEAR-SAMPLE-ENERGY] reachable=1 blocks=40
[L-EM2] compile arm=compiled in=2560 gram_diag_mean=5.683579e-01 h_norm=1.1958e+02
[L-R2] rank2 reachable=1 vtu_cross_max=3.958e-09
[COMBINED-LINEAR-SAMPLE-ENERGY] reachable=1 blocks=40
[L-EM2] compile arm=compiled in=2560 gram_diag_mean=8.852425e-01 h_norm=1.1980e+02
[L-R2] rank2 reachable=1 vtu_cross_max=2.794e-09
[COMBINED-LINEAR-SAMPLE-ENERGY] reachable=1 blocks=64
[L-EM2] compile arm=compiled in=4096 gram_diag_mean=8.544896e-01 h_norm=9.6459e+01
[L-R2] rank2 reachable=1 vtu_cross_max=2.328e-09
[COMBINED-LINEAR-SAMPLE-ENERGY] reachable=1 blocks=40
[L-EM2] compile arm=compiled in=2560 gram_diag_mean=1.629954e+00 h_norm=2.7909e+02
[L-R2] rank2 reachable=1 vtu_cross_max=7.451e-09
[COMBINED-LINEAR-SAMPLE-ENERGY] reachable=1 blocks=40
[L-EM2] compile arm=compiled in=2560 gram_diag_mean=9.796863e-01 h_norm=1.0650e+02
[L-R2] rank2 reachable=1 vtu_cross_max=6.519e-09
[COMBINED-LINEAR-SAMPLE-ENERGY] reachable=1 blocks=144
[L-EM2] compile arm=out-of-scope in=9216 gram_diag_mean=0.000000e+00 h_norm=0.0000e+00
[L-EM2] dynamic arm=applied groups=640 passes=6 accepted_steps=96 accepted_groups=489776 changed=303580 rows=512 grad_mean=1.900e-02 error=-
[L-EM2] dynamic arm=applied groups=640 passes=6 accepted_steps=96 accepted_groups=474810 changed=296203 rows=512 grad_mean=1.916e-02 error=-
[L-EM2] dynamic arm=applied groups=640 passes=6 accepted_steps=96 accepted_groups=161164 changed=107842 rows=128 grad_mean=4.119e-03 error=-
[L-EM2] dynamic arm=applied groups=640 passes=6 accepted_steps=96 accepted_groups=164569 changed=109529 rows=128 grad_mean=4.024e-03 error=-
[L-EM2] dynamic arm=applied groups=640 passes=6 accepted_steps=96 accepted_groups=554591 changed=385587 rows=512 grad_mean=4.047e-03 error=-
[L-EM2] dynamic arm=applied groups=640 passes=6 accepted_steps=96 accepted_groups=542781 changed=377947 rows=512 grad_mean=4.090e-03 error=-
[L-EM2] dynamic arm=applied groups=1024 passes=6 accepted_steps=96 accepted_groups=329851 changed=190875 rows=128 grad_mean=1.303e-03 error=-
[L-EM2] dynamic arm=applied groups=1024 passes=6 accepted_steps=96 accepted_groups=322790 changed=187299 rows=128 grad_mean=1.251e-03 error=-
[L-EM2] dynamic arm=applied groups=640 passes=6 accepted_steps=96 accepted_groups=306735 changed=202984 rows=512 grad_mean=2.754e-02 error=-
[L-EM2] dynamic arm=applied groups=640 passes=6 accepted_steps=96 accepted_groups=301745 changed=199863 rows=512 grad_mean=2.760e-02 error=-
[L-EM2] dynamic arm=applied groups=640 passes=6 accepted_steps=96 accepted_groups=70754 changed=48043 rows=128 grad_mean=2.709e-02 error=-
[L-EM2] dynamic arm=applied groups=640 passes=6 accepted_steps=96 accepted_groups=70216 changed=47972 rows=128 grad_mean=2.610e-02 error=-
[L-EM2] dynamic arm=applied groups=640 passes=6 accepted_steps=96 accepted_groups=142969 changed=93923 rows=128 grad_mean=1.620e-02 error=-
[L-EM2] dynamic arm=applied groups=640 passes=6 accepted_steps=96 accepted_groups=143319 changed=94119 rows=128 grad_mean=1.603e-02 error=-
[L-EM2] dynamic arm=applied groups=640 passes=6 accepted_steps=96 accepted_groups=597045 changed=394763 rows=512 grad_mean=1.338e-02 error=-
[L-EM2] dynamic arm=applied groups=640 passes=6 accepted_steps=96 accepted_groups=582070 changed=385809 rows=512 grad_mean=1.360e-02 error=-
[L-EM2] dynamic arm=applied groups=640 passes=6 accepted_steps=96 accepted_groups=105727 changed=70330 rows=128 grad_mean=2.722e-02 error=-
[L-EM2] dynamic arm=applied groups=640 passes=6 accepted_steps=96 accepted_groups=105887 changed=70460 rows=128 grad_mean=2.693e-02 error=-
[L-EM2] dynamic arm=applied groups=1024 passes=6 accepted_steps=96 accepted_groups=1267433 changed=790162 rows=512 grad_mean=8.623e-04 error=-
[L-EM2] dynamic arm=applied groups=1024 passes=6 accepted_steps=96 accepted_groups=1270834 changed=786026 rows=512 grad_mean=7.581e-04 error=-
[L-EM2] dynamic arm=applied groups=640 passes=6 accepted_steps=96 accepted_groups=73315 changed=49044 rows=128 grad_mean=3.277e-02 error=-
[L-EM2] dynamic arm=applied groups=640 passes=6 accepted_steps=96 accepted_groups=75204 changed=50361 rows=128 grad_mean=3.224e-02 error=-
[L-EM2] dynamic arm=applied groups=640 passes=6 accepted_steps=96 accepted_groups=268228 changed=187012 rows=512 grad_mean=2.476e-02 error=-
[L-EM2] dynamic arm=applied groups=640 passes=6 accepted_steps=96 accepted_groups=265365 changed=184423 rows=512 grad_mean=2.527e-02 error=-
[L-EM2] dynamic arm=applied groups=640 passes=6 accepted_steps=96 accepted_groups=559315 changed=371863 rows=512 grad_mean=2.313e-02 error=-
[L-EM2] dynamic arm=applied groups=640 passes=6 accepted_steps=96 accepted_groups=547526 changed=364676 rows=512 grad_mean=2.302e-02 error=-
[L-EM2] dynamic arm=applied groups=640 passes=6 accepted_steps=96 accepted_groups=141318 changed=93465 rows=128 grad_mean=2.220e-02 error=-
[L-EM2] dynamic arm=applied groups=640 passes=6 accepted_steps=96 accepted_groups=143382 changed=94628 rows=128 grad_mean=2.183e-02 error=-
[L-EM2] dynamic arm=applied groups=640 passes=6 accepted_steps=96 accepted_groups=504466 changed=324967 rows=512 grad_mean=4.492e-02 error=-
[L-EM2] dynamic arm=applied groups=640 passes=6 accepted_steps=96 accepted_groups=486726 changed=313781 rows=512 grad_mean=4.428e-02 error=-
[L-EM2] dynamic arm=applied groups=1024 passes=6 accepted_steps=96 accepted_groups=345514 changed=212459 rows=128 grad_mean=1.230e-03 error=-
[L-EM2] dynamic arm=applied groups=1024 passes=6 accepted_steps=96 accepted_groups=351672 changed=215337 rows=128 grad_mean=1.212e-03 error=-
[L-EM2] dynamic arm=applied groups=640 passes=6 accepted_steps=96 accepted_groups=331676 changed=215906 rows=512 grad_mean=4.977e-02 error=-
[L-EM2] dynamic arm=applied groups=640 passes=6 accepted_steps=96 accepted_groups=315397 changed=206142 rows=512 grad_mean=4.984e-02 error=-
[L-EM2] dynamic arm=applied groups=640 passes=6 accepted_steps=96 accepted_groups=67190 changed=47107 rows=128 grad_mean=3.435e-02 error=-
[L-EM2] dynamic arm=applied groups=640 passes=6 accepted_steps=96 accepted_groups=67127 changed=46717 rows=128 grad_mean=3.370e-02 error=-
[L-EM2] dynamic arm=applied groups=640 passes=6 accepted_steps=96 accepted_groups=115207 changed=81635 rows=128 grad_mean=4.732e-02 error=-
[L-EM2] dynamic arm=applied groups=640 passes=6 accepted_steps=96 accepted_groups=120817 changed=83887 rows=128 grad_mean=4.549e-02 error=-
[L-EM2] dynamic arm=applied groups=640 passes=6 accepted_steps=96 accepted_groups=639090 changed=407416 rows=512 grad_mean=2.324e-02 error=-
[L-EM2] dynamic arm=applied groups=640 passes=6 accepted_steps=96 accepted_groups=600445 changed=385676 rows=512 grad_mean=2.327e-02 error=-
[L-EM2] dynamic arm=applied groups=640 passes=6 accepted_steps=96 accepted_groups=105766 changed=69133 rows=128 grad_mean=4.422e-02 error=-
[L-EM2] dynamic arm=applied groups=640 passes=6 accepted_steps=96 accepted_groups=106623 changed=69234 rows=128 grad_mean=4.484e-02 error=-
[L-EM2] dynamic arm=applied groups=1024 passes=6 accepted_steps=96 accepted_groups=1477317 changed=783023 rows=512 grad_mean=4.718e-03 error=-
[L-EM2] dynamic arm=applied groups=1024 passes=6 accepted_steps=96 accepted_groups=1496083 changed=792327 rows=512 grad_mean=5.280e-03 error=-
[L-EM2] dynamic arm=applied groups=640 passes=6 accepted_steps=96 accepted_groups=56509 changed=38853 rows=128 grad_mean=1.443e-01 error=-
[L-EM2] dynamic arm=applied groups=640 passes=6 accepted_steps=96 accepted_groups=50469 changed=34951 rows=128 grad_mean=1.582e-01 error=-
[L-EM2] dynamic arm=applied groups=640 passes=6 accepted_steps=96 accepted_groups=292922 changed=184852 rows=512 grad_mean=5.308e-02 error=-
[L-EM2] dynamic arm=applied groups=640 passes=6 accepted_steps=96 accepted_groups=286498 changed=180852 rows=512 grad_mean=5.398e-02 error=-
{'protocol': 'eval-v3', 'records': 6, 'reasonableness_issues': 0}
